dev_f1,dev_false_positive_rate,dev_hard_negative_false_positive_rate,dev_p1_recall,dev_p2_recall,dev_p3_recall,dev_p4_false_positive_rate,dev_precision,dev_recall,dev_stage2_rejection_rate,fold,recall_target,selection_reason,selection_split,test_f1,test_false_positive_rate,test_hard_negative_false_positive_rate,test_p1_recall,test_p2_recall,test_p3_recall,test_p4_false_positive_rate,test_precision,test_recall,test_stage2_rejection_rate,threshold,variant
0.9342560553633218,0.0,0.0,0.7142857142857143,0.8974358974358975,0.9090909090909091,,1.0,0.8766233766233766,0.10596026490066225,0,0.85,met_recall_target_0.85,val,0.9187279151943462,0.026785714285714284,0.026785714285714284,0.6818181818181818,0.9264705882352942,0.9736842105263158,0.026785714285714284,0.9774436090225563,0.8666666666666667,0.10135135135135136,0.9237605929374695,stage2_bce
0.9735099337748344,0.008130081300813009,0.008130081300813009,0.7142857142857143,0.9871794871794872,1.0,0.008130081300813009,0.9932432432432432,0.9545454545454546,0.019867549668874173,0,0.9,met_recall_target_0.9,val,0.9459459459459458,0.05357142857142857,0.05357142857142857,0.9090909090909091,0.9264705882352942,0.9736842105263158,0.05357142857142857,0.958904109589041,0.9333333333333333,0.013513513513513514,0.5677840709686279,stage2_bce
0.9735099337748344,0.008130081300813009,0.008130081300813009,0.7142857142857143,0.9871794871794872,1.0,0.008130081300813009,0.9932432432432432,0.9545454545454546,0.019867549668874173,0,0.92,met_recall_target_0.92,val,0.9459459459459458,0.05357142857142857,0.05357142857142857,0.9090909090909091,0.9264705882352942,0.9736842105263158,0.05357142857142857,0.958904109589041,0.9333333333333333,0.013513513513513514,0.5677840709686279,stage2_bce
0.9735099337748344,0.008130081300813009,0.008130081300813009,0.7142857142857143,0.9871794871794872,1.0,0.008130081300813009,0.9932432432432432,0.9545454545454546,0.019867549668874173,0,0.95,met_recall_target_0.95,val,0.9459459459459458,0.05357142857142857,0.05357142857142857,0.9090909090909091,0.9264705882352942,0.9736842105263158,0.05357142857142857,0.958904109589041,0.9333333333333333,0.013513513513513514,0.5677840709686279,stage2_bce
0.9767441860465117,0.0,0.0,0.7142857142857143,0.9871794871794872,1.0,,1.0,0.9545454545454546,0.026490066225165563,0,0.85,met_recall_target_0.85,val,0.9619377162629758,0.0,0.0,0.8863636363636364,0.9264705882352942,0.9736842105263158,,1.0,0.9266666666666666,0.060810810810810814,0.8510254621505737,stage2_bce_supcon
0.9767441860465117,0.0,0.0,0.7142857142857143,0.9871794871794872,1.0,,1.0,0.9545454545454546,0.026490066225165563,0,0.9,met_recall_target_0.9,val,0.9619377162629758,0.0,0.0,0.8863636363636364,0.9264705882352942,0.9736842105263158,,1.0,0.9266666666666666,0.060810810810810814,0.8510254621505737,stage2_bce_supcon
0.9767441860465117,0.0,0.0,0.7142857142857143,0.9871794871794872,1.0,,1.0,0.9545454545454546,0.026490066225165563,0,0.92,met_recall_target_0.92,val,0.9619377162629758,0.0,0.0,0.8863636363636364,0.9264705882352942,0.9736842105263158,,1.0,0.9266666666666666,0.060810810810810814,0.8510254621505737,stage2_bce_supcon
0.9767441860465117,0.0,0.0,0.7142857142857143,0.9871794871794872,1.0,,1.0,0.9545454545454546,0.026490066225165563,0,0.95,met_recall_target_0.95,val,0.9619377162629758,0.0,0.0,0.8863636363636364,0.9264705882352942,0.9736842105263158,,1.0,0.9266666666666666,0.060810810810810814,0.8510254621505737,stage2_bce_supcon
0.9361702127659575,0.0,0.0,0.7727272727272727,0.9411764705882353,0.8947368421052632,,1.0,0.88,0.12582781456953643,1,0.85,met_recall_target_0.85,val,0.9,0.0,0.0,0.6666666666666666,0.8205128205128205,0.8727272727272727,,1.0,0.8181818181818182,0.17647058823529413,0.8723711967468262,stage2_bce
0.9342560553633218,0.03571428571428571,0.03571428571428571,0.7954545454545454,0.9411764705882353,0.9473684210526315,0.03571428571428571,0.9712230215827338,0.9,0.07947019867549669,1,0.9,met_recall_target_0.9,val,0.9078014184397163,0.0,0.0,0.7142857142857143,0.8205128205128205,0.8909090909090909,,1.0,0.8311688311688312,0.16339869281045752,0.8711616396903992,stage2_bce
0.9597315436241611,0.044642857142857144,0.044642857142857144,0.9318181818181818,0.9558823529411765,0.9736842105263158,0.044642857142857144,0.9662162162162162,0.9533333333333334,0.019867549668874173,1,0.92,met_recall_target_0.92,val,0.9459459459459459,0.016260162601626018,0.016260162601626018,0.7619047619047619,0.9230769230769231,0.9454545454545454,0.016260162601626018,0.9859154929577465,0.9090909090909091,0.0718954248366013,0.7779486775398254,stage2_bce
0.9597315436241611,0.044642857142857144,0.044642857142857144,0.9318181818181818,0.9558823529411765,0.9736842105263158,0.044642857142857144,0.9662162162162162,0.9533333333333334,0.019867549668874173,1,0.95,met_recall_target_0.95,val,0.9459459459459459,0.016260162601626018,0.016260162601626018,0.7619047619047619,0.9230769230769231,0.9454545454545454,0.016260162601626018,0.9859154929577465,0.9090909090909091,0.0718954248366013,0.7779486775398254,stage2_bce
0.9726027397260273,0.0,0.0,0.9090909090909091,0.9558823529411765,0.9736842105263158,,1.0,0.9466666666666667,0.059602649006622516,1,0.85,met_recall_target_0.85,val,0.9700996677740864,0.008130081300813009,0.008130081300813009,0.7619047619047619,0.9743589743589743,0.9818181818181818,0.008130081300813009,0.9931972789115646,0.948051948051948,0.0392156862745098,0.6626549959182739,stage2_bce_supcon
0.9726027397260273,0.0,0.0,0.9090909090909091,0.9558823529411765,0.9736842105263158,,1.0,0.9466666666666667,0.059602649006622516,1,0.9,met_recall_target_0.9,val,0.9700996677740864,0.008130081300813009,0.008130081300813009,0.7619047619047619,0.9743589743589743,0.9818181818181818,0.008130081300813009,0.9931972789115646,0.948051948051948,0.0392156862745098,0.6626549959182739,stage2_bce_supcon
0.9726027397260273,0.0,0.0,0.9090909090909091,0.9558823529411765,0.9736842105263158,,1.0,0.9466666666666667,0.059602649006622516,1,0.92,met_recall_target_0.92,val,0.9700996677740864,0.008130081300813009,0.008130081300813009,0.7619047619047619,0.9743589743589743,0.9818181818181818,0.008130081300813009,0.9931972789115646,0.948051948051948,0.0392156862745098,0.6626549959182739,stage2_bce_supcon
0.9597315436241611,0.044642857142857144,0.044642857142857144,0.9318181818181818,0.9558823529411765,0.9736842105263158,0.044642857142857144,0.9662162162162162,0.9533333333333334,0.019867549668874173,1,0.95,met_recall_target_0.95,val,0.9668874172185431,0.016260162601626018,0.016260162601626018,0.7619047619047619,0.9743589743589743,0.9818181818181818,0.016260162601626018,0.9864864864864865,0.948051948051948,0.032679738562091505,0.5127525329589844,stage2_bce_supcon
0.9761092150170648,0.0,0.0,0.9090909090909091,0.9558823529411765,1.0,,1.0,0.9533333333333334,0.02054794520547945,2,0.85,met_recall_target_0.85,val,0.976271186440678,0.0,0.0,0.8148148148148148,1.0,0.96,,1.0,0.9536423841059603,0.006896551724137931,0.5257971286773682,stage2_bce
0.9761092150170648,0.0,0.0,0.9090909090909091,0.9558823529411765,1.0,,1.0,0.9533333333333334,0.02054794520547945,2,0.9,met_recall_target_0.9,val,0.976271186440678,0.0,0.0,0.8148148148148148,1.0,0.96,,1.0,0.9536423841059603,0.006896551724137931,0.5257971286773682,stage2_bce
0.9761092150170648,0.0,0.0,0.9090909090909091,0.9558823529411765,1.0,,1.0,0.9533333333333334,0.02054794520547945,2,0.92,met_recall_target_0.92,val,0.976271186440678,0.0,0.0,0.8148148148148148,1.0,0.96,,1.0,0.9536423841059603,0.006896551724137931,0.5257971286773682,stage2_bce
0.9761092150170648,0.0,0.0,0.9090909090909091,0.9558823529411765,1.0,,1.0,0.9533333333333334,0.02054794520547945,2,0.95,met_recall_target_0.95,val,0.976271186440678,0.0,0.0,0.8148148148148148,1.0,0.96,,1.0,0.9536423841059603,0.006896551724137931,0.5257971286773682,stage2_bce
0.9761092150170648,0.0,0.0,0.9090909090909091,0.9558823529411765,1.0,,1.0,0.9533333333333334,0.02054794520547945,2,0.85,met_recall_target_0.85,val,0.976271186440678,0.0,0.0,0.8148148148148148,1.0,0.96,,1.0,0.9536423841059603,0.006896551724137931,0.7851404547691345,stage2_bce_supcon
0.9761092150170648,0.0,0.0,0.9090909090909091,0.9558823529411765,1.0,,1.0,0.9533333333333334,0.02054794520547945,2,0.9,met_recall_target_0.9,val,0.976271186440678,0.0,0.0,0.8148148148148148,1.0,0.96,,1.0,0.9536423841059603,0.006896551724137931,0.7851404547691345,stage2_bce_supcon
0.9761092150170648,0.0,0.0,0.9090909090909091,0.9558823529411765,1.0,,1.0,0.9533333333333334,0.02054794520547945,2,0.92,met_recall_target_0.92,val,0.976271186440678,0.0,0.0,0.8148148148148148,1.0,0.96,,1.0,0.9536423841059603,0.006896551724137931,0.7851404547691345,stage2_bce_supcon
0.9761092150170648,0.0,0.0,0.9090909090909091,0.9558823529411765,1.0,,1.0,0.9533333333333334,0.02054794520547945,2,0.95,met_recall_target_0.95,val,0.976271186440678,0.0,0.0,0.8148148148148148,1.0,0.96,,1.0,0.9536423841059603,0.006896551724137931,0.7851404547691345,stage2_bce_supcon
0.9727891156462586,0.008928571428571428,0.008928571428571428,0.9545454545454546,0.9558823529411765,0.9473684210526315,0.008928571428571428,0.9930555555555556,0.9533333333333334,0.07692307692307693,3,0.85,met_recall_target_0.85,val,0.971830985915493,0.0,0.0,0.8148148148148148,0.987012987012987,0.9523809523809523,,1.0,0.9452054794520548,0.09803921568627451,0.5655826330184937,stage2_bce
0.9727891156462586,0.008928571428571428,0.008928571428571428,0.9545454545454546,0.9558823529411765,0.9473684210526315,0.008928571428571428,0.9930555555555556,0.9533333333333334,0.07692307692307693,3,0.9,met_recall_target_0.9,val,0.971830985915493,0.0,0.0,0.8148148148148148,0.987012987012987,0.9523809523809523,,1.0,0.9452054794520548,0.09803921568627451,0.5655826330184937,stage2_bce
0.9727891156462586,0.008928571428571428,0.008928571428571428,0.9545454545454546,0.9558823529411765,0.9473684210526315,0.008928571428571428,0.9930555555555556,0.9533333333333334,0.07692307692307693,3,0.92,met_recall_target_0.92,val,0.971830985915493,0.0,0.0,0.8148148148148148,0.987012987012987,0.9523809523809523,,1.0,0.9452054794520548,0.09803921568627451,0.5655826330184937,stage2_bce
0.9727891156462586,0.008928571428571428,0.008928571428571428,0.9545454545454546,0.9558823529411765,0.9473684210526315,0.008928571428571428,0.9930555555555556,0.9533333333333334,0.07692307692307693,3,0.95,met_recall_target_0.95,val,0.971830985915493,0.0,0.0,0.8148148148148148,0.987012987012987,0.9523809523809523,,1.0,0.9452054794520548,0.09803921568627451,0.5655826330184937,stage2_bce
0.9761092150170648,0.0,0.0,0.9545454545454546,0.9558823529411765,0.9473684210526315,,1.0,0.9533333333333334,0.08333333333333333,3,0.85,met_recall_target_0.85,val,0.9645390070921985,0.0,0.0,0.7777777777777778,0.974025974025974,0.9523809523809523,,1.0,0.9315068493150684,0.1111111111111111,0.2786380350589752,stage2_bce_supcon
0.9761092150170648,0.0,0.0,0.9545454545454546,0.9558823529411765,0.9473684210526315,,1.0,0.9533333333333334,0.08333333333333333,3,0.9,met_recall_target_0.9,val,0.9645390070921985,0.0,0.0,0.7777777777777778,0.974025974025974,0.9523809523809523,,1.0,0.9315068493150684,0.1111111111111111,0.2786380350589752,stage2_bce_supcon
0.9761092150170648,0.0,0.0,0.9545454545454546,0.9558823529411765,0.9473684210526315,,1.0,0.9533333333333334,0.08333333333333333,3,0.92,met_recall_target_0.92,val,0.9645390070921985,0.0,0.0,0.7777777777777778,0.974025974025974,0.9523809523809523,,1.0,0.9315068493150684,0.1111111111111111,0.2786380350589752,stage2_bce_supcon
0.9761092150170648,0.0,0.0,0.9545454545454546,0.9558823529411765,0.9473684210526315,,1.0,0.9533333333333334,0.08333333333333333,3,0.95,met_recall_target_0.95,val,0.9645390070921985,0.0,0.0,0.7777777777777778,0.974025974025974,0.9523809523809523,,1.0,0.9315068493150684,0.1111111111111111,0.2786380350589752,stage2_bce_supcon
0.9761092150170648,0.0,0.0,0.9090909090909091,0.9705882352941176,0.9736842105263158,,1.0,0.9533333333333334,0.0949367088607595,4,0.85,met_recall_target_0.85,val,0.9787234042553192,0.007692307692307693,0.007692307692307693,0.9655172413793104,0.9705882352941176,0.9565217391304348,0.007692307692307693,0.9928057553956835,0.965034965034965,0.034722222222222224,0.8905065059661865,stage2_bce
0.9761092150170648,0.0,0.0,0.9090909090909091,0.9705882352941176,0.9736842105263158,,1.0,0.9533333333333334,0.0949367088607595,4,0.9,met_recall_target_0.9,val,0.9787234042553192,0.007692307692307693,0.007692307692307693,0.9655172413793104,0.9705882352941176,0.9565217391304348,0.007692307692307693,0.9928057553956835,0.965034965034965,0.034722222222222224,0.8905065059661865,stage2_bce
0.9761092150170648,0.0,0.0,0.9090909090909091,0.9705882352941176,0.9736842105263158,,1.0,0.9533333333333334,0.0949367088607595,4,0.92,met_recall_target_0.92,val,0.9787234042553192,0.007692307692307693,0.007692307692307693,0.9655172413793104,0.9705882352941176,0.9565217391304348,0.007692307692307693,0.9928057553956835,0.965034965034965,0.034722222222222224,0.8905065059661865,stage2_bce
0.9761092150170648,0.0,0.0,0.9090909090909091,0.9705882352941176,0.9736842105263158,,1.0,0.9533333333333334,0.0949367088607595,4,0.95,met_recall_target_0.95,val,0.9787234042553192,0.007692307692307693,0.007692307692307693,0.9655172413793104,0.9705882352941176,0.9565217391304348,0.007692307692307693,0.9928057553956835,0.965034965034965,0.034722222222222224,0.8905065059661865,stage2_bce
0.9726027397260273,0.0,0.0,0.8863636363636364,0.9705882352941176,0.9736842105263158,,1.0,0.9466666666666667,0.10126582278481013,4,0.85,met_recall_target_0.85,val,0.9642857142857144,0.015384615384615385,0.015384615384615385,0.8620689655172413,0.9705882352941176,0.9565217391304348,0.015384615384615385,0.9854014598540146,0.9440559440559441,0.04861111111111111,0.7182523012161255,stage2_bce_supcon
0.9726027397260273,0.0,0.0,0.8863636363636364,0.9705882352941176,0.9736842105263158,,1.0,0.9466666666666667,0.10126582278481013,4,0.9,met_recall_target_0.9,val,0.9642857142857144,0.015384615384615385,0.015384615384615385,0.8620689655172413,0.9705882352941176,0.9565217391304348,0.015384615384615385,0.9854014598540146,0.9440559440559441,0.04861111111111111,0.7182523012161255,stage2_bce_supcon
0.9726027397260273,0.0,0.0,0.8863636363636364,0.9705882352941176,0.9736842105263158,,1.0,0.9466666666666667,0.10126582278481013,4,0.92,met_recall_target_0.92,val,0.9642857142857144,0.015384615384615385,0.015384615384615385,0.8620689655172413,0.9705882352941176,0.9565217391304348,0.015384615384615385,0.9854014598540146,0.9440559440559441,0.04861111111111111,0.7182523012161255,stage2_bce_supcon
0.9470198675496689,0.08035714285714286,0.08035714285714286,0.9090909090909091,0.9705882352941176,0.9736842105263158,0.08035714285714286,0.9407894736842105,0.9533333333333334,0.0379746835443038,4,0.95,met_recall_target_0.95,val,0.9754385964912281,0.023076923076923078,0.023076923076923078,0.9655172413793104,0.9852941176470589,0.9565217391304348,0.023076923076923078,0.9788732394366197,0.972027972027972,0.013888888888888888,0.22843454778194427,stage2_bce_supcon
