clip_id,error_type,fold,label,prompt_group,stage1_candidate,stage1_clip_score,stage2_candidate_score
C000405,STAGE1_MISS,0,1,P1_vigil_only,False,0.0006436257972382009,0.0
C000465,STAGE1_MISS,0,1,P1_vigil_only,False,0.0006681605591438711,0.0
C000468,STAGE1_MISS,0,1,P2_phrase_plus_vigil,False,0.7333540916442871,0.0
C000485,STAGE1_FALSE_CANDIDATE_REJECTED,0,0,P4_negative,True,0.9816948771476746,0.08005046844482422
C000486,STAGE1_FALSE_CANDIDATE_REJECTED,0,0,P4_negative,True,0.9935917258262634,0.7094950675964355
C000487,STAGE1_FALSE_CANDIDATE_REJECTED,0,0,P4_negative,True,0.9925732612609863,0.6878974437713623
C000488,STAGE1_FALSE_CANDIDATE_REJECTED,0,0,P4_negative,True,0.9928386807441711,0.6698434948921204
C000490,STAGE1_FALSE_CANDIDATE_REJECTED,0,0,P4_negative,True,0.9953336119651794,0.6375503540039062
C000492,STAGE1_FALSE_CANDIDATE_REJECTED,0,0,P4_negative,True,0.9924190044403076,0.08887132257223129
C000494,STAGE1_FALSE_CANDIDATE_REJECTED,0,0,P4_negative,True,0.9958643913269043,0.5698449611663818
C000507,STAGE1_MISS,0,1,P1_vigil_only,False,0.0964406356215477,0.0
C000518,STAGE1_MISS,0,1,P3_vigil_plus_phrase,False,0.09800571948289871,0.0
C000622,STAGE1_MISS,0,1,P1_vigil_only,False,0.7022609114646912,0.0
C000623,STAGE2_REJECT,0,1,P1_vigil_only,True,0.9925037622451782,0.4740924537181854
C000626,STAGE1_MISS,0,1,P2_phrase_plus_vigil,False,0.37005913257598877,0.0
C000627,STAGE1_MISS,0,1,P2_phrase_plus_vigil,False,0.0007607191801071167,0.0
C000628,STAGE1_MISS,0,1,P2_phrase_plus_vigil,False,0.534175455570221,0.0
C000632,STAGE1_MISS,0,1,P2_phrase_plus_vigil,False,0.0023741323966532946,0.0
C001659,STAGE1_FALSE_CANDIDATE_REJECTED,0,0,P4_negative,True,0.7801637649536133,0.09576735645532608
C000002,STAGE1_MISS,1,1,P2_phrase_plus_vigil,False,0.021306011825799942,0.0
C000679,STAGE1_FALSE_CANDIDATE_REJECTED,1,0,P4_negative,True,0.8441071510314941,0.37316077947616577
C000689,STAGE1_MISS,1,1,P1_vigil_only,False,0.007384141441434622,0.0
C000692,STAGE1_FALSE_CANDIDATE_REJECTED,1,0,P4_negative,True,0.9317614436149597,0.49152475595474243
C000866,STAGE2_REJECT,1,1,P3_vigil_plus_phrase,True,0.9892492294311523,0.503865659236908
C000999,STAGE2_FALSE_ACCEPT,1,0,P4_negative,True,0.6043688058853149,0.6933532953262329
C001063,STAGE1_MISS,1,1,P1_vigil_only,False,0.5303258895874023,0.0
C001453,STAGE1_MISS,1,1,P1_vigil_only,False,0.039698317646980286,0.0
C001561,STAGE1_MISS,1,1,P1_vigil_only,False,0.00044351827818900347,0.0
C001562,STAGE1_MISS,1,1,P1_vigil_only,False,0.015285941772162914,0.0
C001564,STAGE2_REJECT,1,1,P2_phrase_plus_vigil,True,0.9970051646232605,0.48251160979270935
C001575,STAGE1_FALSE_CANDIDATE_REJECTED,1,0,P4_negative,True,0.9423364996910095,0.32296276092529297
C001576,STAGE1_FALSE_CANDIDATE_REJECTED,1,0,P4_negative,True,0.9721612334251404,0.5364904999732971
C000017,STAGE1_MISS,2,1,P3_vigil_plus_phrase,False,0.06313550472259521,0.0
C000283,STAGE1_MISS,2,1,P1_vigil_only,False,0.8327229619026184,0.0
C000345,STAGE1_FALSE_CANDIDATE_REJECTED,2,0,P4_negative,True,0.9963485598564148,0.16819214820861816
C000498,STAGE1_MISS,2,1,P1_vigil_only,False,0.06997495889663696,0.0
C000499,STAGE1_MISS,2,1,P1_vigil_only,False,0.015049023553729057,0.0
C000500,STAGE1_MISS,2,1,P1_vigil_only,False,0.09057966619729996,0.0
C000589,STAGE1_MISS,2,1,P3_vigil_plus_phrase,False,0.01591348461806774,0.0
C001617,STAGE1_MISS,2,1,P1_vigil_only,False,0.5458365082740784,0.0
C000125,STAGE2_REJECT,3,1,P2_phrase_plus_vigil,True,0.9989504218101501,0.22646945714950562
C000378,STAGE2_REJECT,3,1,P1_vigil_only,True,0.9815966486930847,0.25031065940856934
C000380,STAGE2_REJECT,3,1,P2_phrase_plus_vigil,True,0.9861083626747131,0.2455613911151886
C000387,STAGE2_REJECT,3,1,P3_vigil_plus_phrase,True,0.9964956641197205,0.23105432093143463
C000389,STAGE1_FALSE_CANDIDATE_REJECTED,3,0,P4_negative,True,0.9888771176338196,0.21832726895809174
C000390,STAGE1_FALSE_CANDIDATE_REJECTED,3,0,P4_negative,True,0.9499416351318359,0.22117209434509277
C000391,STAGE1_FALSE_CANDIDATE_REJECTED,3,0,P4_negative,True,0.9929636120796204,0.2191992551088333
C000392,STAGE1_FALSE_CANDIDATE_REJECTED,3,0,P4_negative,True,0.9973358511924744,0.2251530885696411
C000394,STAGE1_FALSE_CANDIDATE_REJECTED,3,0,P4_negative,True,0.9564054012298584,0.22753766179084778
C000395,STAGE1_FALSE_CANDIDATE_REJECTED,3,0,P4_negative,True,0.992366373538971,0.22285489737987518
C000396,STAGE1_FALSE_CANDIDATE_REJECTED,3,0,P4_negative,True,0.9865332841873169,0.21805402636528015
C000399,STAGE1_FALSE_CANDIDATE_REJECTED,3,0,P4_negative,True,0.9911822080612183,0.2186337113380432
C000400,STAGE1_FALSE_CANDIDATE_REJECTED,3,0,P4_negative,True,0.9726928472518921,0.22186407446861267
C000401,STAGE1_FALSE_CANDIDATE_REJECTED,3,0,P4_negative,True,0.9971150159835815,0.22135978937149048
C000402,STAGE1_FALSE_CANDIDATE_REJECTED,3,0,P4_negative,True,0.8941333293914795,0.21724975109100342
C000403,STAGE1_FALSE_CANDIDATE_REJECTED,3,0,P4_negative,True,0.9360352158546448,0.22494956851005554
C001142,STAGE1_MISS,3,1,P1_vigil_only,False,0.08296138048171997,0.0
C001146,STAGE1_MISS,3,1,P1_vigil_only,False,0.4233536124229431,0.0
C001361,STAGE1_MISS,3,1,P1_vigil_only,False,0.6114470958709717,0.0
C001363,STAGE1_MISS,3,1,P1_vigil_only,False,0.25717249512672424,0.0
C001394,STAGE1_MISS,3,1,P3_vigil_plus_phrase,False,0.7369890809059143,0.0
C001580,STAGE1_MISS,3,1,P1_vigil_only,False,0.7703725695610046,0.0
C001599,STAGE1_FALSE_CANDIDATE_REJECTED,3,0,P4_negative,True,0.8722910284996033,0.2280103713274002
C000021,STAGE1_MISS,4,1,P1_vigil_only,False,0.9060184955596924,0.0
C000024,STAGE1_FALSE_CANDIDATE_REJECTED,4,0,P4_negative,True,0.9976353645324707,0.3624666929244995
C000036,STAGE2_REJECT,4,1,P1_vigil_only,True,0.9984186887741089,0.3524715304374695
C000037,STAGE1_MISS,4,1,P2_phrase_plus_vigil,False,0.8947507739067078,0.0
C000047,STAGE2_REJECT,4,1,P2_phrase_plus_vigil,True,0.9719191789627075,0.7013111114501953
C000055,STAGE1_MISS,4,1,P3_vigil_plus_phrase,False,0.2569800019264221,0.0
C000056,STAGE1_MISS,4,1,P3_vigil_plus_phrase,False,0.3227403461933136,0.0
C000072,STAGE2_REJECT,4,1,P1_vigil_only,True,0.9986434578895569,0.7134565114974976
C000188,STAGE2_FALSE_ACCEPT,4,0,P4_negative,True,0.9663823843002319,0.7689689993858337
C000189,STAGE2_FALSE_ACCEPT,4,0,P4_negative,True,0.9977791905403137,0.7873084545135498
C000195,STAGE1_FALSE_CANDIDATE_REJECTED,4,0,P4_negative,True,0.9985313415527344,0.2214450091123581
C000698,STAGE2_REJECT,4,1,P1_vigil_only,True,0.99672532081604,0.7014851570129395
C000712,STAGE1_FALSE_CANDIDATE_REJECTED,4,0,P4_negative,True,0.9956381916999817,0.21373291313648224
