change_label,changed_stage,delta_f1,delta_fpr,delta_recall,doctor_alias,f1,final_false_accepts,fpr,fpr_unstable,method,negative_query_count,positive_query_count,precision,recall,safety_pass,shot,stage1_misses,stage2_rejects,support_seed,zero_f1,zero_fpr,zero_precision,zero_recall
unchanged,stage1,0.0,0.0,0.0,D001,0.7116564417177914,0,0.0,False,stage1_finetune_bias_only,150,105,1.0,0.5523809523809524,True,3,9,38,,0.7116564417177914,0.0,1.0,0.5523809523809524
unchanged,stage1,0.0,0.0,0.0,D001,0.7116564417177914,0,0.0,False,stage1_finetune_head,150,105,1.0,0.5523809523809524,True,3,9,38,,0.7116564417177914,0.0,1.0,0.5523809523809524
unchanged,stage1+stage2,0.0,0.0,0.0,D001,0.7116564417177914,0,0.0,False,stage1_stage2_combined,150,105,1.0,0.5523809523809524,True,3,9,38,,0.7116564417177914,0.0,1.0,0.5523809523809524
improved,stage2,0.060273382843612056,0.0,0.07619047619047614,D001,0.7719298245614035,0,0.0,False,stage2_cosine_prototype,150,105,1.0,0.6285714285714286,True,3,9,38,,0.7116564417177914,0.0,1.0,0.5523809523809524
unchanged,stage2,0.0,0.0,0.0,D001,0.7116564417177914,0,0.0,False,stage2_finetune_bias_only,150,105,1.0,0.5523809523809524,True,3,9,38,,0.7116564417177914,0.0,1.0,0.5523809523809524
unchanged,stage2,0.0,0.0,0.0,D001,0.7116564417177914,0,0.0,False,stage2_finetune_head,150,105,1.0,0.5523809523809524,True,3,9,38,,0.7116564417177914,0.0,1.0,0.5523809523809524
improved,stage2,0.15931130021769258,0.0,0.21904761904761905,D001,0.870967741935484,0,0.0,False,stage2_positive_bias,150,105,1.0,0.7714285714285715,True,3,9,38,,0.7116564417177914,0.0,1.0,0.5523809523809524
unchanged,none,0.0,0.0,0.0,D001,0.7116564417177914,0,0.0,False,zero_shot,150,105,1.0,0.5523809523809524,True,3,9,38,,0.7116564417177914,0.0,1.0,0.5523809523809524
unchanged,stage1,0.0,0.0,0.0,D001,0.6896551724137931,0,0.0,False,stage1_finetune_bias_only,150,95,1.0,0.5263157894736842,True,5,9,36,,0.6896551724137931,0.0,1.0,0.5263157894736842
unchanged,stage1,0.0,0.0,0.0,D001,0.6896551724137931,0,0.0,False,stage1_finetune_head,150,95,1.0,0.5263157894736842,True,5,9,36,,0.6896551724137931,0.0,1.0,0.5263157894736842
unchanged,stage1+stage2,0.0,0.0,0.0,D001,0.6896551724137931,0,0.0,False,stage1_stage2_combined,150,95,1.0,0.5263157894736842,True,5,9,36,,0.6896551724137931,0.0,1.0,0.5263157894736842
improved,stage2,0.15882967607105525,0.0,0.21052631578947367,D001,0.8484848484848484,0,0.0,False,stage2_cosine_prototype,150,95,1.0,0.7368421052631579,True,5,9,36,,0.6896551724137931,0.0,1.0,0.5263157894736842
unchanged,stage2,0.0,0.0,0.0,D001,0.6896551724137931,0,0.0,False,stage2_finetune_bias_only,150,95,1.0,0.5263157894736842,True,5,9,36,,0.6896551724137931,0.0,1.0,0.5263157894736842
unchanged,stage2,0.0,0.0,0.0,D001,0.6896551724137931,0,0.0,False,stage2_finetune_head,150,95,1.0,0.5263157894736842,True,5,9,36,,0.6896551724137931,0.0,1.0,0.5263157894736842
improved,stage2,0.15180824222035316,0.0,0.20000000000000007,D001,0.8414634146341463,0,0.0,False,stage2_positive_bias,150,95,1.0,0.7263157894736842,True,5,9,36,,0.6896551724137931,0.0,1.0,0.5263157894736842
unchanged,none,0.0,0.0,0.0,D001,0.6896551724137931,0,0.0,False,zero_shot,150,95,1.0,0.5263157894736842,True,5,9,36,,0.6896551724137931,0.0,1.0,0.5263157894736842
unchanged,stage1,0.0,0.0,0.0,D003,,0,0.0,False,stage1_finetune_bias_only,15,10,,0.0,True,3,10,0,,,0.0,,0.0
unchanged,stage1,0.0,0.0,0.0,D003,,0,0.0,False,stage1_finetune_head,15,10,,0.0,True,3,10,0,,,0.0,,0.0
unchanged,stage1+stage2,0.0,0.0,0.0,D003,,0,0.0,False,stage1_stage2_combined,15,10,,0.0,True,3,10,0,,,0.0,,0.0
unchanged,stage2,0.0,0.0,0.0,D003,,0,0.0,False,stage2_cosine_prototype,15,10,,0.0,True,3,10,0,,,0.0,,0.0
unchanged,stage2,0.0,0.0,0.0,D003,,0,0.0,False,stage2_finetune_bias_only,15,10,,0.0,True,3,10,0,,,0.0,,0.0
unchanged,stage2,0.0,0.0,0.0,D003,,0,0.0,False,stage2_finetune_head,15,10,,0.0,True,3,10,0,,,0.0,,0.0
unchanged,stage2,0.0,0.0,0.0,D003,,0,0.0,False,stage2_positive_bias,15,10,,0.0,True,3,10,0,,,0.0,,0.0
unchanged,none,0.0,0.0,0.0,D003,,0,0.0,False,zero_shot,15,10,,0.0,True,3,10,0,,,0.0,,0.0
unchanged,stage1,0.0,0.0,0.0,D004,0.8372093023255813,0,0.0,False,stage1_finetune_bias_only,15,50,1.0,0.72,True,3,4,10,,0.8372093023255813,0.0,1.0,0.72
unchanged,stage1,0.0,0.0,0.0,D004,0.8372093023255813,0,0.0,False,stage1_finetune_head,15,50,1.0,0.72,True,3,4,10,,0.8372093023255813,0.0,1.0,0.72
unchanged,stage1+stage2,0.0,0.0,0.0,D004,0.8372093023255813,0,0.0,False,stage1_stage2_combined,15,50,1.0,0.72,True,3,4,10,,0.8372093023255813,0.0,1.0,0.72
improved,stage2,0.12112403100775204,0.0,0.20000000000000007,D004,0.9583333333333334,0,0.0,False,stage2_cosine_prototype,15,50,1.0,0.92,True,3,4,10,,0.8372093023255813,0.0,1.0,0.72
unchanged,stage2,0.0,0.0,0.0,D004,0.8372093023255813,0,0.0,False,stage2_finetune_bias_only,15,50,1.0,0.72,True,3,4,10,,0.8372093023255813,0.0,1.0,0.72
unchanged,stage2,0.0,0.0,0.0,D004,0.8372093023255813,0,0.0,False,stage2_finetune_head,15,50,1.0,0.72,True,3,4,10,,0.8372093023255813,0.0,1.0,0.72
improved,stage2,0.12112403100775204,0.0,0.20000000000000007,D004,0.9583333333333334,0,0.0,False,stage2_positive_bias,15,50,1.0,0.92,True,3,4,10,,0.8372093023255813,0.0,1.0,0.72
unchanged,none,0.0,0.0,0.0,D004,0.8372093023255813,0,0.0,False,zero_shot,15,50,1.0,0.72,True,3,4,10,,0.8372093023255813,0.0,1.0,0.72
unchanged,stage1,0.0,0.0,0.0,D004,0.787878787878788,0,0.0,False,stage1_finetune_bias_only,15,40,1.0,0.65,True,5,4,10,,0.787878787878788,0.0,1.0,0.65
unchanged,stage1,0.0,0.0,0.0,D004,0.787878787878788,0,0.0,False,stage1_finetune_head,15,40,1.0,0.65,True,5,4,10,,0.787878787878788,0.0,1.0,0.65
unchanged,stage1+stage2,0.0,0.0,0.0,D004,0.787878787878788,0,0.0,False,stage1_stage2_combined,15,40,1.0,0.65,True,5,4,10,,0.787878787878788,0.0,1.0,0.65
improved,stage2,0.15948963317384368,0.0,0.25,D004,0.9473684210526316,0,0.0,False,stage2_cosine_prototype,15,40,1.0,0.9,True,5,4,10,,0.787878787878788,0.0,1.0,0.65
unchanged,stage2,0.0,0.0,0.0,D004,0.787878787878788,0,0.0,False,stage2_finetune_bias_only,15,40,1.0,0.65,True,5,4,10,,0.787878787878788,0.0,1.0,0.65
unchanged,stage2,0.0,0.0,0.0,D004,0.787878787878788,0,0.0,False,stage2_finetune_head,15,40,1.0,0.65,True,5,4,10,,0.787878787878788,0.0,1.0,0.65
improved,stage2,0.15948963317384368,0.0,0.25,D004,0.9473684210526316,0,0.0,False,stage2_positive_bias,15,40,1.0,0.9,True,5,4,10,,0.787878787878788,0.0,1.0,0.65
unchanged,none,0.0,0.0,0.0,D004,0.787878787878788,0,0.0,False,zero_shot,15,40,1.0,0.65,True,5,4,10,,0.787878787878788,0.0,1.0,0.65
unchanged,stage1,0.0,0.0,0.0,D006,1.0,0,0.0,False,stage1_finetune_bias_only,35,120,1.0,1.0,True,3,0,0,,1.0,0.0,1.0,1.0
unchanged,stage1,0.0,0.0,0.0,D006,1.0,0,0.0,False,stage1_finetune_head,35,120,1.0,1.0,True,3,0,0,,1.0,0.0,1.0,1.0
unchanged,stage1+stage2,0.0,0.0,0.0,D006,1.0,0,0.0,False,stage1_stage2_combined,35,120,1.0,1.0,True,3,0,0,,1.0,0.0,1.0,1.0
unchanged,stage2,0.0,0.0,0.0,D006,1.0,0,0.0,False,stage2_cosine_prototype,35,120,1.0,1.0,True,3,0,0,,1.0,0.0,1.0,1.0
unchanged,stage2,0.0,0.0,0.0,D006,1.0,0,0.0,False,stage2_finetune_bias_only,35,120,1.0,1.0,True,3,0,0,,1.0,0.0,1.0,1.0
unchanged,stage2,0.0,0.0,0.0,D006,1.0,0,0.0,False,stage2_finetune_head,35,120,1.0,1.0,True,3,0,0,,1.0,0.0,1.0,1.0
unchanged,stage2,0.0,0.0,0.0,D006,1.0,0,0.0,False,stage2_positive_bias,35,120,1.0,1.0,True,3,0,0,,1.0,0.0,1.0,1.0
unchanged,none,0.0,0.0,0.0,D006,1.0,0,0.0,False,zero_shot,35,120,1.0,1.0,True,3,0,0,,1.0,0.0,1.0,1.0
unchanged,stage1,0.0,0.0,0.0,D006,1.0,0,0.0,False,stage1_finetune_bias_only,35,110,1.0,1.0,True,5,0,0,,1.0,0.0,1.0,1.0
unchanged,stage1,0.0,0.0,0.0,D006,1.0,0,0.0,False,stage1_finetune_head,35,110,1.0,1.0,True,5,0,0,,1.0,0.0,1.0,1.0
unchanged,stage1+stage2,0.0,0.0,0.0,D006,1.0,0,0.0,False,stage1_stage2_combined,35,110,1.0,1.0,True,5,0,0,,1.0,0.0,1.0,1.0
unchanged,stage2,0.0,0.0,0.0,D006,1.0,0,0.0,False,stage2_cosine_prototype,35,110,1.0,1.0,True,5,0,0,,1.0,0.0,1.0,1.0
unchanged,stage2,0.0,0.0,0.0,D006,1.0,0,0.0,False,stage2_finetune_bias_only,35,110,1.0,1.0,True,5,0,0,,1.0,0.0,1.0,1.0
unchanged,stage2,0.0,0.0,0.0,D006,1.0,0,0.0,False,stage2_finetune_head,35,110,1.0,1.0,True,5,0,0,,1.0,0.0,1.0,1.0
unchanged,stage2,0.0,0.0,0.0,D006,1.0,0,0.0,False,stage2_positive_bias,35,110,1.0,1.0,True,5,0,0,,1.0,0.0,1.0,1.0
unchanged,none,0.0,0.0,0.0,D006,1.0,0,0.0,False,zero_shot,35,110,1.0,1.0,True,5,0,0,,1.0,0.0,1.0,1.0
unchanged,stage1,0.0,0.0,0.0,D007,0.9417989417989417,0,0.0,False,stage1_finetune_bias_only,150,100,1.0,0.89,True,3,11,0,,0.9417989417989417,0.0,1.0,0.89
unchanged,stage1,0.0,0.0,0.0,D007,0.9417989417989417,0,0.0,False,stage1_finetune_head,150,100,1.0,0.89,True,3,11,0,,0.9417989417989417,0.0,1.0,0.89
unchanged,stage1+stage2,0.0,0.0,0.0,D007,0.9417989417989417,0,0.0,False,stage1_stage2_combined,150,100,1.0,0.89,True,3,11,0,,0.9417989417989417,0.0,1.0,0.89
unchanged,stage2,0.0,0.0,0.0,D007,0.9417989417989417,0,0.0,False,stage2_cosine_prototype,150,100,1.0,0.89,True,3,11,0,,0.9417989417989417,0.0,1.0,0.89
unchanged,stage2,0.0,0.0,0.0,D007,0.9417989417989417,0,0.0,False,stage2_finetune_bias_only,150,100,1.0,0.89,True,3,11,0,,0.9417989417989417,0.0,1.0,0.89
unchanged,stage2,0.0,0.0,0.0,D007,0.9417989417989417,0,0.0,False,stage2_finetune_head,150,100,1.0,0.89,True,3,11,0,,0.9417989417989417,0.0,1.0,0.89
unchanged,stage2,0.0,0.0,0.0,D007,0.9417989417989417,0,0.0,False,stage2_positive_bias,150,100,1.0,0.89,True,3,11,0,,0.9417989417989417,0.0,1.0,0.89
unchanged,none,0.0,0.0,0.0,D007,0.9417989417989417,0,0.0,False,zero_shot,150,100,1.0,0.89,True,3,11,0,,0.9417989417989417,0.0,1.0,0.89
unchanged,stage1,0.0,0.0,0.0,D007,0.9534883720930233,0,0.0,False,stage1_finetune_bias_only,150,90,1.0,0.9111111111111111,True,5,8,0,,0.9534883720930233,0.0,1.0,0.9111111111111111
unchanged,stage1,0.0,0.0,0.0,D007,0.9534883720930233,0,0.0,False,stage1_finetune_head,150,90,1.0,0.9111111111111111,True,5,8,0,,0.9534883720930233,0.0,1.0,0.9111111111111111
unchanged,stage1+stage2,0.0,0.0,0.0,D007,0.9534883720930233,0,0.0,False,stage1_stage2_combined,150,90,1.0,0.9111111111111111,True,5,8,0,,0.9534883720930233,0.0,1.0,0.9111111111111111
unchanged,stage2,0.0,0.0,0.0,D007,0.9534883720930233,0,0.0,False,stage2_cosine_prototype,150,90,1.0,0.9111111111111111,True,5,8,0,,0.9534883720930233,0.0,1.0,0.9111111111111111
unchanged,stage2,0.0,0.0,0.0,D007,0.9534883720930233,0,0.0,False,stage2_finetune_bias_only,150,90,1.0,0.9111111111111111,True,5,8,0,,0.9534883720930233,0.0,1.0,0.9111111111111111
unchanged,stage2,0.0,0.0,0.0,D007,0.9534883720930233,0,0.0,False,stage2_finetune_head,150,90,1.0,0.9111111111111111,True,5,8,0,,0.9534883720930233,0.0,1.0,0.9111111111111111
unchanged,stage2,0.0,0.0,0.0,D007,0.9534883720930233,0,0.0,False,stage2_positive_bias,150,90,1.0,0.9111111111111111,True,5,8,0,,0.9534883720930233,0.0,1.0,0.9111111111111111
unchanged,none,0.0,0.0,0.0,D007,0.9534883720930233,0,0.0,False,zero_shot,150,90,1.0,0.9111111111111111,True,5,8,0,,0.9534883720930233,0.0,1.0,0.9111111111111111
unchanged,stage1,0.0,0.0,0.0,D008,1.0,0,0.0,False,stage1_finetune_bias_only,75,60,1.0,1.0,True,3,0,0,,1.0,0.0,1.0,1.0
unchanged,stage1,0.0,0.0,0.0,D008,1.0,0,0.0,False,stage1_finetune_head,75,60,1.0,1.0,True,3,0,0,,1.0,0.0,1.0,1.0
unchanged,stage1+stage2,0.0,0.0,0.0,D008,1.0,0,0.0,False,stage1_stage2_combined,75,60,1.0,1.0,True,3,0,0,,1.0,0.0,1.0,1.0
unchanged,stage2,0.0,0.0,0.0,D008,1.0,0,0.0,False,stage2_cosine_prototype,75,60,1.0,1.0,True,3,0,0,,1.0,0.0,1.0,1.0
unchanged,stage2,0.0,0.0,0.0,D008,1.0,0,0.0,False,stage2_finetune_bias_only,75,60,1.0,1.0,True,3,0,0,,1.0,0.0,1.0,1.0
unchanged,stage2,0.0,0.0,0.0,D008,1.0,0,0.0,False,stage2_finetune_head,75,60,1.0,1.0,True,3,0,0,,1.0,0.0,1.0,1.0
unchanged,stage2,0.0,0.0,0.0,D008,1.0,0,0.0,False,stage2_positive_bias,75,60,1.0,1.0,True,3,0,0,,1.0,0.0,1.0,1.0
unchanged,none,0.0,0.0,0.0,D008,1.0,0,0.0,False,zero_shot,75,60,1.0,1.0,True,3,0,0,,1.0,0.0,1.0,1.0
unchanged,stage1,0.0,0.0,0.0,D008,1.0,0,0.0,False,stage1_finetune_bias_only,75,50,1.0,1.0,True,5,0,0,,1.0,0.0,1.0,1.0
unchanged,stage1,0.0,0.0,0.0,D008,1.0,0,0.0,False,stage1_finetune_head,75,50,1.0,1.0,True,5,0,0,,1.0,0.0,1.0,1.0
unchanged,stage1+stage2,0.0,0.0,0.0,D008,1.0,0,0.0,False,stage1_stage2_combined,75,50,1.0,1.0,True,5,0,0,,1.0,0.0,1.0,1.0
unchanged,stage2,0.0,0.0,0.0,D008,1.0,0,0.0,False,stage2_cosine_prototype,75,50,1.0,1.0,True,5,0,0,,1.0,0.0,1.0,1.0
unchanged,stage2,0.0,0.0,0.0,D008,1.0,0,0.0,False,stage2_finetune_bias_only,75,50,1.0,1.0,True,5,0,0,,1.0,0.0,1.0,1.0
unchanged,stage2,0.0,0.0,0.0,D008,1.0,0,0.0,False,stage2_finetune_head,75,50,1.0,1.0,True,5,0,0,,1.0,0.0,1.0,1.0
unchanged,stage2,0.0,0.0,0.0,D008,1.0,0,0.0,False,stage2_positive_bias,75,50,1.0,1.0,True,5,0,0,,1.0,0.0,1.0,1.0
unchanged,none,0.0,0.0,0.0,D008,1.0,0,0.0,False,zero_shot,75,50,1.0,1.0,True,5,0,0,,1.0,0.0,1.0,1.0
unchanged,stage1,0.0,0.0,0.0,D009,0.923076923076923,0,0.0,False,stage1_finetune_bias_only,75,70,1.0,0.8571428571428571,True,3,10,0,,0.923076923076923,0.0,1.0,0.8571428571428571
unchanged,stage1,0.0,0.0,0.0,D009,0.923076923076923,0,0.0,False,stage1_finetune_head,75,70,1.0,0.8571428571428571,True,3,10,0,,0.923076923076923,0.0,1.0,0.8571428571428571
unchanged,stage1+stage2,0.0,0.0,0.0,D009,0.923076923076923,0,0.0,False,stage1_stage2_combined,75,70,1.0,0.8571428571428571,True,3,10,0,,0.923076923076923,0.0,1.0,0.8571428571428571
unchanged,stage2,0.0,0.0,0.0,D009,0.923076923076923,0,0.0,False,stage2_cosine_prototype,75,70,1.0,0.8571428571428571,True,3,10,0,,0.923076923076923,0.0,1.0,0.8571428571428571
unchanged,stage2,0.0,0.0,0.0,D009,0.923076923076923,0,0.0,False,stage2_finetune_bias_only,75,70,1.0,0.8571428571428571,True,3,10,0,,0.923076923076923,0.0,1.0,0.8571428571428571
unchanged,stage2,0.0,0.0,0.0,D009,0.923076923076923,0,0.0,False,stage2_finetune_head,75,70,1.0,0.8571428571428571,True,3,10,0,,0.923076923076923,0.0,1.0,0.8571428571428571
unchanged,stage2,0.0,0.0,0.0,D009,0.923076923076923,0,0.0,False,stage2_positive_bias,75,70,1.0,0.8571428571428571,True,3,10,0,,0.923076923076923,0.0,1.0,0.8571428571428571
unchanged,none,0.0,0.0,0.0,D009,0.923076923076923,0,0.0,False,zero_shot,75,70,1.0,0.8571428571428571,True,3,10,0,,0.923076923076923,0.0,1.0,0.8571428571428571
unchanged,stage1,0.0,0.0,0.0,D009,0.9285714285714286,0,0.0,False,stage1_finetune_bias_only,75,60,1.0,0.8666666666666667,True,5,8,0,,0.9285714285714286,0.0,1.0,0.8666666666666667
unchanged,stage1,0.0,0.0,0.0,D009,0.9285714285714286,0,0.0,False,stage1_finetune_head,75,60,1.0,0.8666666666666667,True,5,8,0,,0.9285714285714286,0.0,1.0,0.8666666666666667
unchanged,stage1+stage2,0.0,0.0,0.0,D009,0.9285714285714286,0,0.0,False,stage1_stage2_combined,75,60,1.0,0.8666666666666667,True,5,8,0,,0.9285714285714286,0.0,1.0,0.8666666666666667
unchanged,stage2,0.0,0.0,0.0,D009,0.9285714285714286,0,0.0,False,stage2_cosine_prototype,75,60,1.0,0.8666666666666667,True,5,8,0,,0.9285714285714286,0.0,1.0,0.8666666666666667
unchanged,stage2,0.0,0.0,0.0,D009,0.9285714285714286,0,0.0,False,stage2_finetune_bias_only,75,60,1.0,0.8666666666666667,True,5,8,0,,0.9285714285714286,0.0,1.0,0.8666666666666667
unchanged,stage2,0.0,0.0,0.0,D009,0.9285714285714286,0,0.0,False,stage2_finetune_head,75,60,1.0,0.8666666666666667,True,5,8,0,,0.9285714285714286,0.0,1.0,0.8666666666666667
unchanged,stage2,0.0,0.0,0.0,D009,0.9285714285714286,0,0.0,False,stage2_positive_bias,75,60,1.0,0.8666666666666667,True,5,8,0,,0.9285714285714286,0.0,1.0,0.8666666666666667
unchanged,none,0.0,0.0,0.0,D009,0.9285714285714286,0,0.0,False,zero_shot,75,60,1.0,0.8666666666666667,True,5,8,0,,0.9285714285714286,0.0,1.0,0.8666666666666667
unchanged,stage1,0.0,0.0,0.0,D010,0.9743589743589743,0,0.0,False,stage1_finetune_bias_only,85,80,1.0,0.95,True,3,4,0,,0.9743589743589743,0.0,1.0,0.95
unchanged,stage1,0.0,0.0,0.0,D010,0.9743589743589743,0,0.0,False,stage1_finetune_head,85,80,1.0,0.95,True,3,4,0,,0.9743589743589743,0.0,1.0,0.95
unchanged,stage1+stage2,0.0,0.0,0.0,D010,0.9743589743589743,0,0.0,False,stage1_stage2_combined,85,80,1.0,0.95,True,3,4,0,,0.9743589743589743,0.0,1.0,0.95
unchanged,stage2,0.0,0.0,0.0,D010,0.9743589743589743,0,0.0,False,stage2_cosine_prototype,85,80,1.0,0.95,True,3,4,0,,0.9743589743589743,0.0,1.0,0.95
unchanged,stage2,0.0,0.0,0.0,D010,0.9743589743589743,0,0.0,False,stage2_finetune_bias_only,85,80,1.0,0.95,True,3,4,0,,0.9743589743589743,0.0,1.0,0.95
unchanged,stage2,0.0,0.0,0.0,D010,0.9743589743589743,0,0.0,False,stage2_finetune_head,85,80,1.0,0.95,True,3,4,0,,0.9743589743589743,0.0,1.0,0.95
unchanged,stage2,0.0,0.0,0.0,D010,0.9743589743589743,0,0.0,False,stage2_positive_bias,85,80,1.0,0.95,True,3,4,0,,0.9743589743589743,0.0,1.0,0.95
unchanged,none,0.0,0.0,0.0,D010,0.9743589743589743,0,0.0,False,zero_shot,85,80,1.0,0.95,True,3,4,0,,0.9743589743589743,0.0,1.0,0.95
unchanged,stage1,0.0,0.0,0.0,D010,0.9781021897810218,0,0.0,False,stage1_finetune_bias_only,85,70,1.0,0.9571428571428572,True,5,3,0,,0.9781021897810218,0.0,1.0,0.9571428571428572
unchanged,stage1,0.0,0.0,0.0,D010,0.9781021897810218,0,0.0,False,stage1_finetune_head,85,70,1.0,0.9571428571428572,True,5,3,0,,0.9781021897810218,0.0,1.0,0.9571428571428572
unchanged,stage1+stage2,0.0,0.0,0.0,D010,0.9781021897810218,0,0.0,False,stage1_stage2_combined,85,70,1.0,0.9571428571428572,True,5,3,0,,0.9781021897810218,0.0,1.0,0.9571428571428572
unchanged,stage2,0.0,0.0,0.0,D010,0.9781021897810218,0,0.0,False,stage2_cosine_prototype,85,70,1.0,0.9571428571428572,True,5,3,0,,0.9781021897810218,0.0,1.0,0.9571428571428572
unchanged,stage2,0.0,0.0,0.0,D010,0.9781021897810218,0,0.0,False,stage2_finetune_bias_only,85,70,1.0,0.9571428571428572,True,5,3,0,,0.9781021897810218,0.0,1.0,0.9571428571428572
unchanged,stage2,0.0,0.0,0.0,D010,0.9781021897810218,0,0.0,False,stage2_finetune_head,85,70,1.0,0.9571428571428572,True,5,3,0,,0.9781021897810218,0.0,1.0,0.9571428571428572
unchanged,stage2,0.0,0.0,0.0,D010,0.9781021897810218,0,0.0,False,stage2_positive_bias,85,70,1.0,0.9571428571428572,True,5,3,0,,0.9781021897810218,0.0,1.0,0.9571428571428572
unchanged,none,0.0,0.0,0.0,D010,0.9781021897810218,0,0.0,False,zero_shot,85,70,1.0,0.9571428571428572,True,5,3,0,,0.9781021897810218,0.0,1.0,0.9571428571428572
unchanged,stage1,0.0,0.0,0.0,D011,1.0,0,0.0,False,stage1_finetune_bias_only,75,40,1.0,1.0,True,3,0,0,,1.0,0.0,1.0,1.0
unchanged,stage1,0.0,0.0,0.0,D011,1.0,0,0.0,False,stage1_finetune_head,75,40,1.0,1.0,True,3,0,0,,1.0,0.0,1.0,1.0
unchanged,stage1+stage2,0.0,0.0,0.0,D011,1.0,0,0.0,False,stage1_stage2_combined,75,40,1.0,1.0,True,3,0,0,,1.0,0.0,1.0,1.0
unchanged,stage2,0.0,0.0,0.0,D011,1.0,0,0.0,False,stage2_cosine_prototype,75,40,1.0,1.0,True,3,0,0,,1.0,0.0,1.0,1.0
unchanged,stage2,0.0,0.0,0.0,D011,1.0,0,0.0,False,stage2_finetune_bias_only,75,40,1.0,1.0,True,3,0,0,,1.0,0.0,1.0,1.0
unchanged,stage2,0.0,0.0,0.0,D011,1.0,0,0.0,False,stage2_finetune_head,75,40,1.0,1.0,True,3,0,0,,1.0,0.0,1.0,1.0
unchanged,stage2,0.0,0.0,0.0,D011,1.0,0,0.0,False,stage2_positive_bias,75,40,1.0,1.0,True,3,0,0,,1.0,0.0,1.0,1.0
unchanged,none,0.0,0.0,0.0,D011,1.0,0,0.0,False,zero_shot,75,40,1.0,1.0,True,3,0,0,,1.0,0.0,1.0,1.0
unchanged,stage1,0.0,0.0,0.0,D011,1.0,0,0.0,False,stage1_finetune_bias_only,75,30,1.0,1.0,True,5,0,0,,1.0,0.0,1.0,1.0
unchanged,stage1,0.0,0.0,0.0,D011,1.0,0,0.0,False,stage1_finetune_head,75,30,1.0,1.0,True,5,0,0,,1.0,0.0,1.0,1.0
unchanged,stage1+stage2,0.0,0.0,0.0,D011,1.0,0,0.0,False,stage1_stage2_combined,75,30,1.0,1.0,True,5,0,0,,1.0,0.0,1.0,1.0
unchanged,stage2,0.0,0.0,0.0,D011,1.0,0,0.0,False,stage2_cosine_prototype,75,30,1.0,1.0,True,5,0,0,,1.0,0.0,1.0,1.0
unchanged,stage2,0.0,0.0,0.0,D011,1.0,0,0.0,False,stage2_finetune_bias_only,75,30,1.0,1.0,True,5,0,0,,1.0,0.0,1.0,1.0
unchanged,stage2,0.0,0.0,0.0,D011,1.0,0,0.0,False,stage2_finetune_head,75,30,1.0,1.0,True,5,0,0,,1.0,0.0,1.0,1.0
unchanged,stage2,0.0,0.0,0.0,D011,1.0,0,0.0,False,stage2_positive_bias,75,30,1.0,1.0,True,5,0,0,,1.0,0.0,1.0,1.0
unchanged,none,0.0,0.0,0.0,D011,1.0,0,0.0,False,zero_shot,75,30,1.0,1.0,True,5,0,0,,1.0,0.0,1.0,1.0
unchanged,stage1,0.0,0.0,0.0,D012,0.9010989010989011,0,0.0,False,stage1_finetune_bias_only,100,50,1.0,0.82,True,3,4,5,,0.9010989010989011,0.0,1.0,0.82
unchanged,stage1,0.0,0.0,0.0,D012,0.9010989010989011,0,0.0,False,stage1_finetune_head,100,50,1.0,0.82,True,3,4,5,,0.9010989010989011,0.0,1.0,0.82
unchanged,stage1+stage2,0.0,0.0,0.0,D012,0.9010989010989011,0,0.0,False,stage1_stage2_combined,100,50,1.0,0.82,True,3,4,5,,0.9010989010989011,0.0,1.0,0.82
degraded,stage2,-0.1407683225865044,0.25,0.10000000000000009,D012,0.7603305785123967,25,0.25,False,stage2_cosine_prototype,100,50,0.647887323943662,0.92,False,3,4,5,,0.9010989010989011,0.0,1.0,0.82
unchanged,stage2,0.0,0.0,0.0,D012,0.9010989010989011,0,0.0,False,stage2_finetune_bias_only,100,50,1.0,0.82,True,3,4,5,,0.9010989010989011,0.0,1.0,0.82
unchanged,stage2,0.0,0.0,0.0,D012,0.9010989010989011,0,0.0,False,stage2_finetune_head,100,50,1.0,0.82,True,3,4,5,,0.9010989010989011,0.0,1.0,0.82
degraded,stage2,-0.1407683225865044,0.25,0.10000000000000009,D012,0.7603305785123967,25,0.25,False,stage2_positive_bias,100,50,0.647887323943662,0.92,False,3,4,5,,0.9010989010989011,0.0,1.0,0.82
unchanged,none,0.0,0.0,0.0,D012,0.9010989010989011,0,0.0,False,zero_shot,100,50,1.0,0.82,True,3,4,5,,0.9010989010989011,0.0,1.0,0.82
unchanged,stage1,0.0,0.0,0.0,D012,0.9041095890410958,0,0.0,False,stage1_finetune_bias_only,100,40,1.0,0.825,True,5,3,4,,0.9041095890410958,0.0,1.0,0.825
unchanged,stage1,0.0,0.0,0.0,D012,0.9041095890410958,0,0.0,False,stage1_finetune_head,100,40,1.0,0.825,True,5,3,4,,0.9041095890410958,0.0,1.0,0.825
unchanged,stage1+stage2,0.0,0.0,0.0,D012,0.9041095890410958,0,0.0,False,stage1_stage2_combined,100,40,1.0,0.825,True,5,3,4,,0.9041095890410958,0.0,1.0,0.825
degraded,stage2,-0.17861939296266438,0.25,0.10000000000000009,D012,0.7254901960784315,25,0.25,False,stage2_cosine_prototype,100,40,0.5967741935483871,0.925,False,5,3,4,,0.9041095890410958,0.0,1.0,0.825
unchanged,stage2,0.0,0.0,0.0,D012,0.9041095890410958,0,0.0,False,stage2_finetune_bias_only,100,40,1.0,0.825,True,5,3,4,,0.9041095890410958,0.0,1.0,0.825
unchanged,stage2,0.0,0.0,0.0,D012,0.9041095890410958,0,0.0,False,stage2_finetune_head,100,40,1.0,0.825,True,5,3,4,,0.9041095890410958,0.0,1.0,0.825
degraded,stage2,-0.17861939296266438,0.25,0.10000000000000009,D012,0.7254901960784315,25,0.25,False,stage2_positive_bias,100,40,0.5967741935483871,0.925,False,5,3,4,,0.9041095890410958,0.0,1.0,0.825
unchanged,none,0.0,0.0,0.0,D012,0.9041095890410958,0,0.0,False,zero_shot,100,40,1.0,0.825,True,5,3,4,,0.9041095890410958,0.0,1.0,0.825
unchanged,stage1,0.0,0.0,0.0,D013,1.0,0,0.0,False,stage1_finetune_bias_only,75,45,1.0,1.0,True,3,0,0,,1.0,0.0,1.0,1.0
unchanged,stage1,0.0,0.0,0.0,D013,1.0,0,0.0,False,stage1_finetune_head,75,45,1.0,1.0,True,3,0,0,,1.0,0.0,1.0,1.0
unchanged,stage1+stage2,0.0,0.0,0.0,D013,1.0,0,0.0,False,stage1_stage2_combined,75,45,1.0,1.0,True,3,0,0,,1.0,0.0,1.0,1.0
unchanged,stage2,0.0,0.0,0.0,D013,1.0,0,0.0,False,stage2_cosine_prototype,75,45,1.0,1.0,True,3,0,0,,1.0,0.0,1.0,1.0
unchanged,stage2,0.0,0.0,0.0,D013,1.0,0,0.0,False,stage2_finetune_bias_only,75,45,1.0,1.0,True,3,0,0,,1.0,0.0,1.0,1.0
unchanged,stage2,0.0,0.0,0.0,D013,1.0,0,0.0,False,stage2_finetune_head,75,45,1.0,1.0,True,3,0,0,,1.0,0.0,1.0,1.0
unchanged,stage2,0.0,0.0,0.0,D013,1.0,0,0.0,False,stage2_positive_bias,75,45,1.0,1.0,True,3,0,0,,1.0,0.0,1.0,1.0
unchanged,none,0.0,0.0,0.0,D013,1.0,0,0.0,False,zero_shot,75,45,1.0,1.0,True,3,0,0,,1.0,0.0,1.0,1.0
unchanged,stage1,0.0,0.0,0.0,D013,1.0,0,0.0,False,stage1_finetune_bias_only,75,35,1.0,1.0,True,5,0,0,,1.0,0.0,1.0,1.0
unchanged,stage1,0.0,0.0,0.0,D013,1.0,0,0.0,False,stage1_finetune_head,75,35,1.0,1.0,True,5,0,0,,1.0,0.0,1.0,1.0
unchanged,stage1+stage2,0.0,0.0,0.0,D013,1.0,0,0.0,False,stage1_stage2_combined,75,35,1.0,1.0,True,5,0,0,,1.0,0.0,1.0,1.0
unchanged,stage2,0.0,0.0,0.0,D013,1.0,0,0.0,False,stage2_cosine_prototype,75,35,1.0,1.0,True,5,0,0,,1.0,0.0,1.0,1.0
unchanged,stage2,0.0,0.0,0.0,D013,1.0,0,0.0,False,stage2_finetune_bias_only,75,35,1.0,1.0,True,5,0,0,,1.0,0.0,1.0,1.0
unchanged,stage2,0.0,0.0,0.0,D013,1.0,0,0.0,False,stage2_finetune_head,75,35,1.0,1.0,True,5,0,0,,1.0,0.0,1.0,1.0
unchanged,stage2,0.0,0.0,0.0,D013,1.0,0,0.0,False,stage2_positive_bias,75,35,1.0,1.0,True,5,0,0,,1.0,0.0,1.0,1.0
unchanged,none,0.0,0.0,0.0,D013,1.0,0,0.0,False,zero_shot,75,35,1.0,1.0,True,5,0,0,,1.0,0.0,1.0,1.0
unchanged,stage1,0.0,0.0,0.0,D014,0.9933993399339933,0,0.0,False,stage1_finetune_bias_only,180,305,1.0,0.9868852459016394,True,3,0,4,,0.9933993399339933,0.0,1.0,0.9868852459016394
unchanged,stage1,0.0,0.0,0.0,D014,0.9933993399339933,0,0.0,False,stage1_finetune_head,180,305,1.0,0.9868852459016394,True,3,0,4,,0.9933993399339933,0.0,1.0,0.9868852459016394
unchanged,stage1+stage2,0.0,0.0,0.0,D014,0.9933993399339933,0,0.0,False,stage1_stage2_combined,180,305,1.0,0.9868852459016394,True,3,0,4,,0.9933993399339933,0.0,1.0,0.9868852459016394
degraded,stage2,-0.009528372192057932,0.05555555555555555,0.013114754098360604,D014,0.9838709677419354,10,0.05555555555555555,False,stage2_cosine_prototype,180,305,0.9682539682539683,1.0,False,3,0,4,,0.9933993399339933,0.0,1.0,0.9868852459016394
unchanged,stage2,0.0,0.0,0.0,D014,0.9933993399339933,0,0.0,False,stage2_finetune_bias_only,180,305,1.0,0.9868852459016394,True,3,0,4,,0.9933993399339933,0.0,1.0,0.9868852459016394
unchanged,stage2,0.0,0.0,0.0,D014,0.9933993399339933,0,0.0,False,stage2_finetune_head,180,305,1.0,0.9868852459016394,True,3,0,4,,0.9933993399339933,0.0,1.0,0.9868852459016394
degraded,stage2,-0.0015294212348063718,0.027777777777777776,0.013114754098360604,D014,0.991869918699187,5,0.027777777777777776,False,stage2_positive_bias,180,305,0.9838709677419355,1.0,False,3,0,4,,0.9933993399339933,0.0,1.0,0.9868852459016394
unchanged,none,0.0,0.0,0.0,D014,0.9933993399339933,0,0.0,False,zero_shot,180,305,1.0,0.9868852459016394,True,3,0,4,,0.9933993399339933,0.0,1.0,0.9868852459016394
unchanged,stage1,0.0,0.0,0.0,D014,0.9931740614334471,0,0.0,False,stage1_finetune_bias_only,180,295,1.0,0.9864406779661017,True,5,0,4,,0.9931740614334471,0.0,1.0,0.9864406779661017
unchanged,stage1,0.0,0.0,0.0,D014,0.9931740614334471,0,0.0,False,stage1_finetune_head,180,295,1.0,0.9864406779661017,True,5,0,4,,0.9931740614334471,0.0,1.0,0.9864406779661017
unchanged,stage1+stage2,0.0,0.0,0.0,D014,0.9931740614334471,0,0.0,False,stage1_stage2_combined,180,295,1.0,0.9864406779661017,True,5,0,4,,0.9931740614334471,0.0,1.0,0.9864406779661017
degraded,stage2,-0.009840728100113827,0.05555555555555555,0.013559322033898313,D014,0.9833333333333333,10,0.05555555555555555,False,stage2_cosine_prototype,180,295,0.9672131147540983,1.0,False,5,0,4,,0.9931740614334471,0.0,1.0,0.9864406779661017
unchanged,stage2,0.0,0.0,0.0,D014,0.9931740614334471,0,0.0,False,stage2_finetune_bias_only,180,295,1.0,0.9864406779661017,True,5,0,4,,0.9931740614334471,0.0,1.0,0.9864406779661017
unchanged,stage2,0.0,0.0,0.0,D014,0.9931740614334471,0,0.0,False,stage2_finetune_head,180,295,1.0,0.9864406779661017,True,5,0,4,,0.9931740614334471,0.0,1.0,0.9864406779661017
degraded,stage2,-0.0015774227779850047,0.027777777777777776,0.013559322033898313,D014,0.9915966386554621,5,0.027777777777777776,False,stage2_positive_bias,180,295,0.9833333333333333,1.0,False,5,0,4,,0.9931740614334471,0.0,1.0,0.9864406779661017
unchanged,none,0.0,0.0,0.0,D014,0.9931740614334471,0,0.0,False,zero_shot,180,295,1.0,0.9864406779661017,True,5,0,4,,0.9931740614334471,0.0,1.0,0.9864406779661017
unchanged,stage1,0.0,0.0,0.0,D016,0.9743589743589743,0,0.0,False,stage1_finetune_bias_only,70,80,1.0,0.95,True,3,4,0,,0.9743589743589743,0.0,1.0,0.95
unchanged,stage1,0.0,0.0,0.0,D016,0.9743589743589743,0,0.0,False,stage1_finetune_head,70,80,1.0,0.95,True,3,4,0,,0.9743589743589743,0.0,1.0,0.95
unchanged,stage1+stage2,0.0,0.0,0.0,D016,0.9743589743589743,0,0.0,False,stage1_stage2_combined,70,80,1.0,0.95,True,3,4,0,,0.9743589743589743,0.0,1.0,0.95
unchanged,stage2,0.0,0.0,0.0,D016,0.9743589743589743,0,0.0,False,stage2_cosine_prototype,70,80,1.0,0.95,True,3,4,0,,0.9743589743589743,0.0,1.0,0.95
unchanged,stage2,0.0,0.0,0.0,D016,0.9743589743589743,0,0.0,False,stage2_finetune_bias_only,70,80,1.0,0.95,True,3,4,0,,0.9743589743589743,0.0,1.0,0.95
unchanged,stage2,0.0,0.0,0.0,D016,0.9743589743589743,0,0.0,False,stage2_finetune_head,70,80,1.0,0.95,True,3,4,0,,0.9743589743589743,0.0,1.0,0.95
unchanged,stage2,0.0,0.0,0.0,D016,0.9743589743589743,0,0.0,False,stage2_positive_bias,70,80,1.0,0.95,True,3,4,0,,0.9743589743589743,0.0,1.0,0.95
unchanged,none,0.0,0.0,0.0,D016,0.9743589743589743,0,0.0,False,zero_shot,70,80,1.0,0.95,True,3,4,0,,0.9743589743589743,0.0,1.0,0.95
unchanged,stage1,0.0,0.0,0.0,D016,0.9781021897810218,0,0.0,False,stage1_finetune_bias_only,70,70,1.0,0.9571428571428572,True,5,3,0,,0.9781021897810218,0.0,1.0,0.9571428571428572
unchanged,stage1,0.0,0.0,0.0,D016,0.9781021897810218,0,0.0,False,stage1_finetune_head,70,70,1.0,0.9571428571428572,True,5,3,0,,0.9781021897810218,0.0,1.0,0.9571428571428572
unchanged,stage1+stage2,0.0,0.0,0.0,D016,0.9781021897810218,0,0.0,False,stage1_stage2_combined,70,70,1.0,0.9571428571428572,True,5,3,0,,0.9781021897810218,0.0,1.0,0.9571428571428572
unchanged,stage2,0.0,0.0,0.0,D016,0.9781021897810218,0,0.0,False,stage2_cosine_prototype,70,70,1.0,0.9571428571428572,True,5,3,0,,0.9781021897810218,0.0,1.0,0.9571428571428572
unchanged,stage2,0.0,0.0,0.0,D016,0.9781021897810218,0,0.0,False,stage2_finetune_bias_only,70,70,1.0,0.9571428571428572,True,5,3,0,,0.9781021897810218,0.0,1.0,0.9571428571428572
unchanged,stage2,0.0,0.0,0.0,D016,0.9781021897810218,0,0.0,False,stage2_finetune_head,70,70,1.0,0.9571428571428572,True,5,3,0,,0.9781021897810218,0.0,1.0,0.9571428571428572
unchanged,stage2,0.0,0.0,0.0,D016,0.9781021897810218,0,0.0,False,stage2_positive_bias,70,70,1.0,0.9571428571428572,True,5,3,0,,0.9781021897810218,0.0,1.0,0.9571428571428572
unchanged,none,0.0,0.0,0.0,D016,0.9781021897810218,0,0.0,False,zero_shot,70,70,1.0,0.9571428571428572,True,5,3,0,,0.9781021897810218,0.0,1.0,0.9571428571428572
unchanged,stage1,0.0,0.0,0.0,D017,0.8679245283018869,0,0.0,False,stage1_finetune_bias_only,25,30,1.0,0.7666666666666667,True,3,7,0,,0.8679245283018869,0.0,1.0,0.7666666666666667
unchanged,stage1,0.0,0.0,0.0,D017,0.8679245283018869,0,0.0,False,stage1_finetune_head,25,30,1.0,0.7666666666666667,True,3,7,0,,0.8679245283018869,0.0,1.0,0.7666666666666667
unchanged,stage1+stage2,0.0,0.0,0.0,D017,0.8679245283018869,0,0.0,False,stage1_stage2_combined,25,30,1.0,0.7666666666666667,True,3,7,0,,0.8679245283018869,0.0,1.0,0.7666666666666667
unchanged,stage2,0.0,0.0,0.0,D017,0.8679245283018869,0,0.0,False,stage2_cosine_prototype,25,30,1.0,0.7666666666666667,True,3,7,0,,0.8679245283018869,0.0,1.0,0.7666666666666667
unchanged,stage2,0.0,0.0,0.0,D017,0.8679245283018869,0,0.0,False,stage2_finetune_bias_only,25,30,1.0,0.7666666666666667,True,3,7,0,,0.8679245283018869,0.0,1.0,0.7666666666666667
unchanged,stage2,0.0,0.0,0.0,D017,0.8679245283018869,0,0.0,False,stage2_finetune_head,25,30,1.0,0.7666666666666667,True,3,7,0,,0.8679245283018869,0.0,1.0,0.7666666666666667
unchanged,stage2,0.0,0.0,0.0,D017,0.8679245283018869,0,0.0,False,stage2_positive_bias,25,30,1.0,0.7666666666666667,True,3,7,0,,0.8679245283018869,0.0,1.0,0.7666666666666667
unchanged,none,0.0,0.0,0.0,D017,0.8679245283018869,0,0.0,False,zero_shot,25,30,1.0,0.7666666666666667,True,3,7,0,,0.8679245283018869,0.0,1.0,0.7666666666666667
unchanged,stage1,0.0,0.0,0.0,D017,0.9189189189189189,0,0.0,False,stage1_finetune_bias_only,25,20,1.0,0.85,True,5,3,0,,0.9189189189189189,0.0,1.0,0.85
unchanged,stage1,0.0,0.0,0.0,D017,0.9189189189189189,0,0.0,False,stage1_finetune_head,25,20,1.0,0.85,True,5,3,0,,0.9189189189189189,0.0,1.0,0.85
unchanged,stage1+stage2,0.0,0.0,0.0,D017,0.9189189189189189,0,0.0,False,stage1_stage2_combined,25,20,1.0,0.85,True,5,3,0,,0.9189189189189189,0.0,1.0,0.85
unchanged,stage2,0.0,0.0,0.0,D017,0.9189189189189189,0,0.0,False,stage2_cosine_prototype,25,20,1.0,0.85,True,5,3,0,,0.9189189189189189,0.0,1.0,0.85
unchanged,stage2,0.0,0.0,0.0,D017,0.9189189189189189,0,0.0,False,stage2_finetune_bias_only,25,20,1.0,0.85,True,5,3,0,,0.9189189189189189,0.0,1.0,0.85
unchanged,stage2,0.0,0.0,0.0,D017,0.9189189189189189,0,0.0,False,stage2_finetune_head,25,20,1.0,0.85,True,5,3,0,,0.9189189189189189,0.0,1.0,0.85
unchanged,stage2,0.0,0.0,0.0,D017,0.9189189189189189,0,0.0,False,stage2_positive_bias,25,20,1.0,0.85,True,5,3,0,,0.9189189189189189,0.0,1.0,0.85
unchanged,none,0.0,0.0,0.0,D017,0.9189189189189189,0,0.0,False,zero_shot,25,20,1.0,0.85,True,5,3,0,,0.9189189189189189,0.0,1.0,0.85
unchanged,stage1,0.0,0.0,0.0,D018,0.9908256880733944,0,0.0,False,stage1_finetune_bias_only,90,165,1.0,0.9818181818181818,True,3,0,3,,0.9908256880733944,0.0,1.0,0.9818181818181818
unchanged,stage1,0.0,0.0,0.0,D018,0.9908256880733944,0,0.0,False,stage1_finetune_head,90,165,1.0,0.9818181818181818,True,3,0,3,,0.9908256880733944,0.0,1.0,0.9818181818181818
unchanged,stage1+stage2,0.0,0.0,0.0,D018,0.9908256880733944,0,0.0,False,stage1_stage2_combined,90,165,1.0,0.9818181818181818,True,3,0,3,,0.9908256880733944,0.0,1.0,0.9818181818181818
unchanged,stage2,0.0,0.0,0.0,D018,0.9908256880733944,0,0.0,False,stage2_cosine_prototype,90,165,1.0,0.9818181818181818,True,3,0,3,,0.9908256880733944,0.0,1.0,0.9818181818181818
unchanged,stage2,0.0,0.0,0.0,D018,0.9908256880733944,0,0.0,False,stage2_finetune_bias_only,90,165,1.0,0.9818181818181818,True,3,0,3,,0.9908256880733944,0.0,1.0,0.9818181818181818
unchanged,stage2,0.0,0.0,0.0,D018,0.9908256880733944,0,0.0,False,stage2_finetune_head,90,165,1.0,0.9818181818181818,True,3,0,3,,0.9908256880733944,0.0,1.0,0.9818181818181818
unchanged,stage2,0.0,0.0,0.0,D018,0.9908256880733944,0,0.0,False,stage2_positive_bias,90,165,1.0,0.9818181818181818,True,3,0,3,,0.9908256880733944,0.0,1.0,0.9818181818181818
unchanged,none,0.0,0.0,0.0,D018,0.9908256880733944,0,0.0,False,zero_shot,90,165,1.0,0.9818181818181818,True,3,0,3,,0.9908256880733944,0.0,1.0,0.9818181818181818
unchanged,stage1,0.0,0.0,0.0,D018,0.9935064935064934,0,0.0,False,stage1_finetune_bias_only,90,155,1.0,0.9870967741935484,True,5,0,2,,0.9935064935064934,0.0,1.0,0.9870967741935484
unchanged,stage1,0.0,0.0,0.0,D018,0.9935064935064934,0,0.0,False,stage1_finetune_head,90,155,1.0,0.9870967741935484,True,5,0,2,,0.9935064935064934,0.0,1.0,0.9870967741935484
unchanged,stage1+stage2,0.0,0.0,0.0,D018,0.9935064935064934,0,0.0,False,stage1_stage2_combined,90,155,1.0,0.9870967741935484,True,5,0,2,,0.9935064935064934,0.0,1.0,0.9870967741935484
unchanged,stage2,0.0,0.0,0.0,D018,0.9935064935064934,0,0.0,False,stage2_cosine_prototype,90,155,1.0,0.9870967741935484,True,5,0,2,,0.9935064935064934,0.0,1.0,0.9870967741935484
unchanged,stage2,0.0,0.0,0.0,D018,0.9935064935064934,0,0.0,False,stage2_finetune_bias_only,90,155,1.0,0.9870967741935484,True,5,0,2,,0.9935064935064934,0.0,1.0,0.9870967741935484
unchanged,stage2,0.0,0.0,0.0,D018,0.9935064935064934,0,0.0,False,stage2_finetune_head,90,155,1.0,0.9870967741935484,True,5,0,2,,0.9935064935064934,0.0,1.0,0.9870967741935484
unchanged,stage2,0.0,0.0,0.0,D018,0.9935064935064934,0,0.0,False,stage2_positive_bias,90,155,1.0,0.9870967741935484,True,5,0,2,,0.9935064935064934,0.0,1.0,0.9870967741935484
unchanged,none,0.0,0.0,0.0,D018,0.9935064935064934,0,0.0,False,zero_shot,90,155,1.0,0.9870967741935484,True,5,0,2,,0.9935064935064934,0.0,1.0,0.9870967741935484
unchanged,stage1,0.0,0.0,0.0,D019,1.0,0,0.0,False,stage1_finetune_bias_only,225,160,1.0,1.0,True,3,0,0,,1.0,0.0,1.0,1.0
unchanged,stage1,0.0,0.0,0.0,D019,1.0,0,0.0,False,stage1_finetune_head,225,160,1.0,1.0,True,3,0,0,,1.0,0.0,1.0,1.0
unchanged,stage1+stage2,0.0,0.0,0.0,D019,1.0,0,0.0,False,stage1_stage2_combined,225,160,1.0,1.0,True,3,0,0,,1.0,0.0,1.0,1.0
unchanged,stage2,0.0,0.0,0.0,D019,1.0,0,0.0,False,stage2_cosine_prototype,225,160,1.0,1.0,True,3,0,0,,1.0,0.0,1.0,1.0
unchanged,stage2,0.0,0.0,0.0,D019,1.0,0,0.0,False,stage2_finetune_bias_only,225,160,1.0,1.0,True,3,0,0,,1.0,0.0,1.0,1.0
unchanged,stage2,0.0,0.0,0.0,D019,1.0,0,0.0,False,stage2_finetune_head,225,160,1.0,1.0,True,3,0,0,,1.0,0.0,1.0,1.0
unchanged,stage2,0.0,0.0,0.0,D019,1.0,0,0.0,False,stage2_positive_bias,225,160,1.0,1.0,True,3,0,0,,1.0,0.0,1.0,1.0
unchanged,none,0.0,0.0,0.0,D019,1.0,0,0.0,False,zero_shot,225,160,1.0,1.0,True,3,0,0,,1.0,0.0,1.0,1.0
unchanged,stage1,0.0,0.0,0.0,D019,1.0,0,0.0,False,stage1_finetune_bias_only,225,150,1.0,1.0,True,5,0,0,,1.0,0.0,1.0,1.0
unchanged,stage1,0.0,0.0,0.0,D019,1.0,0,0.0,False,stage1_finetune_head,225,150,1.0,1.0,True,5,0,0,,1.0,0.0,1.0,1.0
unchanged,stage1+stage2,0.0,0.0,0.0,D019,1.0,0,0.0,False,stage1_stage2_combined,225,150,1.0,1.0,True,5,0,0,,1.0,0.0,1.0,1.0
unchanged,stage2,0.0,0.0,0.0,D019,1.0,0,0.0,False,stage2_cosine_prototype,225,150,1.0,1.0,True,5,0,0,,1.0,0.0,1.0,1.0
unchanged,stage2,0.0,0.0,0.0,D019,1.0,0,0.0,False,stage2_finetune_bias_only,225,150,1.0,1.0,True,5,0,0,,1.0,0.0,1.0,1.0
unchanged,stage2,0.0,0.0,0.0,D019,1.0,0,0.0,False,stage2_finetune_head,225,150,1.0,1.0,True,5,0,0,,1.0,0.0,1.0,1.0
unchanged,stage2,0.0,0.0,0.0,D019,1.0,0,0.0,False,stage2_positive_bias,225,150,1.0,1.0,True,5,0,0,,1.0,0.0,1.0,1.0
unchanged,none,0.0,0.0,0.0,D019,1.0,0,0.0,False,zero_shot,225,150,1.0,1.0,True,5,0,0,,1.0,0.0,1.0,1.0
unchanged,stage1,0.0,0.0,0.0,D020,0.9528795811518325,0,0.0,False,stage1_finetune_bias_only,150,100,1.0,0.91,True,3,4,5,,0.9528795811518325,0.0,1.0,0.91
unchanged,stage1,0.0,0.0,0.0,D020,0.9528795811518325,0,0.0,False,stage1_finetune_head,150,100,1.0,0.91,True,3,4,5,,0.9528795811518325,0.0,1.0,0.91
unchanged,stage1+stage2,0.0,0.0,0.0,D020,0.9528795811518325,0,0.0,False,stage1_stage2_combined,150,100,1.0,0.91,True,3,4,5,,0.9528795811518325,0.0,1.0,0.91
improved,stage2,0.02671225558286139,0.0,0.04999999999999993,D020,0.9795918367346939,0,0.0,False,stage2_cosine_prototype,150,100,1.0,0.96,True,3,4,5,,0.9528795811518325,0.0,1.0,0.91
unchanged,stage2,0.0,0.0,0.0,D020,0.9528795811518325,0,0.0,False,stage2_finetune_bias_only,150,100,1.0,0.91,True,3,4,5,,0.9528795811518325,0.0,1.0,0.91
unchanged,stage2,0.0,0.0,0.0,D020,0.9528795811518325,0,0.0,False,stage2_finetune_head,150,100,1.0,0.91,True,3,4,5,,0.9528795811518325,0.0,1.0,0.91
improved,stage2,0.02671225558286139,0.0,0.04999999999999993,D020,0.9795918367346939,0,0.0,False,stage2_positive_bias,150,100,1.0,0.96,True,3,4,5,,0.9528795811518325,0.0,1.0,0.91
unchanged,none,0.0,0.0,0.0,D020,0.9528795811518325,0,0.0,False,zero_shot,150,100,1.0,0.91,True,3,4,5,,0.9528795811518325,0.0,1.0,0.91
unchanged,stage1,0.0,0.0,0.0,D020,0.9534883720930233,0,0.0,False,stage1_finetune_bias_only,150,90,1.0,0.9111111111111111,True,5,4,4,,0.9534883720930233,0.0,1.0,0.9111111111111111
unchanged,stage1,0.0,0.0,0.0,D020,0.9534883720930233,0,0.0,False,stage1_finetune_head,150,90,1.0,0.9111111111111111,True,5,4,4,,0.9534883720930233,0.0,1.0,0.9111111111111111
unchanged,stage1+stage2,0.0,0.0,0.0,D020,0.9534883720930233,0,0.0,False,stage1_stage2_combined,150,90,1.0,0.9111111111111111,True,5,4,4,,0.9534883720930233,0.0,1.0,0.9111111111111111
improved,stage2,0.02378435517970401,0.0,0.04444444444444451,D020,0.9772727272727273,0,0.0,False,stage2_cosine_prototype,150,90,1.0,0.9555555555555556,True,5,4,4,,0.9534883720930233,0.0,1.0,0.9111111111111111
unchanged,stage2,0.0,0.0,0.0,D020,0.9534883720930233,0,0.0,False,stage2_finetune_bias_only,150,90,1.0,0.9111111111111111,True,5,4,4,,0.9534883720930233,0.0,1.0,0.9111111111111111
unchanged,stage2,0.0,0.0,0.0,D020,0.9534883720930233,0,0.0,False,stage2_finetune_head,150,90,1.0,0.9111111111111111,True,5,4,4,,0.9534883720930233,0.0,1.0,0.9111111111111111
improved,stage2,0.02378435517970401,0.0,0.04444444444444451,D020,0.9772727272727273,0,0.0,False,stage2_positive_bias,150,90,1.0,0.9555555555555556,True,5,4,4,,0.9534883720930233,0.0,1.0,0.9111111111111111
unchanged,none,0.0,0.0,0.0,D020,0.9534883720930233,0,0.0,False,zero_shot,150,90,1.0,0.9111111111111111,True,5,4,4,,0.9534883720930233,0.0,1.0,0.9111111111111111
unchanged,stage1,0.0,0.0,0.0,D022,0.7262357414448669,0,0.0,False,stage1_finetune_bias_only,150,335,1.0,0.5701492537313433,True,3,8,136,,0.7262357414448669,0.0,1.0,0.5701492537313433
unchanged,stage1,0.0,0.0,0.0,D022,0.7262357414448669,0,0.0,False,stage1_finetune_head,150,335,1.0,0.5701492537313433,True,3,8,136,,0.7262357414448669,0.0,1.0,0.5701492537313433
unchanged,stage1+stage2,0.0,0.0,0.0,D022,0.7262357414448669,0,0.0,False,stage1_stage2_combined,150,335,1.0,0.5701492537313433,True,3,8,136,,0.7262357414448669,0.0,1.0,0.5701492537313433
improved,stage2,0.261679666410118,0.0,0.4059701492537313,D022,0.9879154078549849,0,0.0,False,stage2_cosine_prototype,150,335,1.0,0.9761194029850746,True,3,8,136,,0.7262357414448669,0.0,1.0,0.5701492537313433
unchanged,stage2,0.0,0.0,0.0,D022,0.7262357414448669,0,0.0,False,stage2_finetune_bias_only,150,335,1.0,0.5701492537313433,True,3,8,136,,0.7262357414448669,0.0,1.0,0.5701492537313433
unchanged,stage2,0.0,0.0,0.0,D022,0.7262357414448669,0,0.0,False,stage2_finetune_head,150,335,1.0,0.5701492537313433,True,3,8,136,,0.7262357414448669,0.0,1.0,0.5701492537313433
improved,stage2,0.261679666410118,0.0,0.4059701492537313,D022,0.9879154078549849,0,0.0,False,stage2_positive_bias,150,335,1.0,0.9761194029850746,True,3,8,136,,0.7262357414448669,0.0,1.0,0.5701492537313433
unchanged,none,0.0,0.0,0.0,D022,0.7262357414448669,0,0.0,False,zero_shot,150,335,1.0,0.5701492537313433,True,3,8,136,,0.7262357414448669,0.0,1.0,0.5701492537313433
unchanged,stage1,0.0,0.0,0.0,D022,0.7229862475442044,0,0.0,False,stage1_finetune_bias_only,150,325,1.0,0.5661538461538461,True,5,8,133,,0.7229862475442044,0.0,1.0,0.5661538461538461
unchanged,stage1,0.0,0.0,0.0,D022,0.7229862475442044,0,0.0,False,stage1_finetune_head,150,325,1.0,0.5661538461538461,True,5,8,133,,0.7229862475442044,0.0,1.0,0.5661538461538461
unchanged,stage1+stage2,0.0,0.0,0.0,D022,0.7229862475442044,0,0.0,False,stage1_stage2_combined,150,325,1.0,0.5661538461538461,True,5,8,133,,0.7229862475442044,0.0,1.0,0.5661538461538461
improved,stage2,0.2645526932657646,0.0,0.4092307692307693,D022,0.987538940809969,0,0.0,False,stage2_cosine_prototype,150,325,1.0,0.9753846153846154,True,5,8,133,,0.7229862475442044,0.0,1.0,0.5661538461538461
unchanged,stage2,0.0,0.0,0.0,D022,0.7229862475442044,0,0.0,False,stage2_finetune_bias_only,150,325,1.0,0.5661538461538461,True,5,8,133,,0.7229862475442044,0.0,1.0,0.5661538461538461
unchanged,stage2,0.0,0.0,0.0,D022,0.7229862475442044,0,0.0,False,stage2_finetune_head,150,325,1.0,0.5661538461538461,True,5,8,133,,0.7229862475442044,0.0,1.0,0.5661538461538461
improved,stage2,0.2645526932657646,0.0,0.4092307692307693,D022,0.987538940809969,0,0.0,False,stage2_positive_bias,150,325,1.0,0.9753846153846154,True,5,8,133,,0.7229862475442044,0.0,1.0,0.5661538461538461
unchanged,none,0.0,0.0,0.0,D022,0.7229862475442044,0,0.0,False,zero_shot,150,325,1.0,0.5661538461538461,True,5,8,133,,0.7229862475442044,0.0,1.0,0.5661538461538461
unchanged,stage1,0.0,0.0,0.0,D023,1.0,0,0.0,False,stage1_finetune_bias_only,30,45,1.0,1.0,True,3,0,0,,1.0,0.0,1.0,1.0
unchanged,stage1,0.0,0.0,0.0,D023,1.0,0,0.0,False,stage1_finetune_head,30,45,1.0,1.0,True,3,0,0,,1.0,0.0,1.0,1.0
unchanged,stage1+stage2,0.0,0.0,0.0,D023,1.0,0,0.0,False,stage1_stage2_combined,30,45,1.0,1.0,True,3,0,0,,1.0,0.0,1.0,1.0
unchanged,stage2,0.0,0.0,0.0,D023,1.0,0,0.0,False,stage2_cosine_prototype,30,45,1.0,1.0,True,3,0,0,,1.0,0.0,1.0,1.0
unchanged,stage2,0.0,0.0,0.0,D023,1.0,0,0.0,False,stage2_finetune_bias_only,30,45,1.0,1.0,True,3,0,0,,1.0,0.0,1.0,1.0
unchanged,stage2,0.0,0.0,0.0,D023,1.0,0,0.0,False,stage2_finetune_head,30,45,1.0,1.0,True,3,0,0,,1.0,0.0,1.0,1.0
unchanged,stage2,0.0,0.0,0.0,D023,1.0,0,0.0,False,stage2_positive_bias,30,45,1.0,1.0,True,3,0,0,,1.0,0.0,1.0,1.0
unchanged,none,0.0,0.0,0.0,D023,1.0,0,0.0,False,zero_shot,30,45,1.0,1.0,True,3,0,0,,1.0,0.0,1.0,1.0
unchanged,stage1,0.0,0.0,0.0,D023,1.0,0,0.0,False,stage1_finetune_bias_only,30,35,1.0,1.0,True,5,0,0,,1.0,0.0,1.0,1.0
unchanged,stage1,0.0,0.0,0.0,D023,1.0,0,0.0,False,stage1_finetune_head,30,35,1.0,1.0,True,5,0,0,,1.0,0.0,1.0,1.0
unchanged,stage1+stage2,0.0,0.0,0.0,D023,1.0,0,0.0,False,stage1_stage2_combined,30,35,1.0,1.0,True,5,0,0,,1.0,0.0,1.0,1.0
unchanged,stage2,0.0,0.0,0.0,D023,1.0,0,0.0,False,stage2_cosine_prototype,30,35,1.0,1.0,True,5,0,0,,1.0,0.0,1.0,1.0
unchanged,stage2,0.0,0.0,0.0,D023,1.0,0,0.0,False,stage2_finetune_bias_only,30,35,1.0,1.0,True,5,0,0,,1.0,0.0,1.0,1.0
unchanged,stage2,0.0,0.0,0.0,D023,1.0,0,0.0,False,stage2_finetune_head,30,35,1.0,1.0,True,5,0,0,,1.0,0.0,1.0,1.0
unchanged,stage2,0.0,0.0,0.0,D023,1.0,0,0.0,False,stage2_positive_bias,30,35,1.0,1.0,True,5,0,0,,1.0,0.0,1.0,1.0
unchanged,none,0.0,0.0,0.0,D023,1.0,0,0.0,False,zero_shot,30,35,1.0,1.0,True,5,0,0,,1.0,0.0,1.0,1.0
unchanged,stage1,0.0,0.0,0.0,D024,0.9534883720930233,0,0.0,False,stage1_finetune_bias_only,15,45,1.0,0.9111111111111111,True,3,0,4,,0.9534883720930233,0.0,1.0,0.9111111111111111
unchanged,stage1,0.0,0.0,0.0,D024,0.9534883720930233,0,0.0,False,stage1_finetune_head,15,45,1.0,0.9111111111111111,True,3,0,4,,0.9534883720930233,0.0,1.0,0.9111111111111111
unchanged,stage1+stage2,0.0,0.0,0.0,D024,0.9534883720930233,0,0.0,False,stage1_stage2_combined,15,45,1.0,0.9111111111111111,True,3,0,4,,0.9534883720930233,0.0,1.0,0.9111111111111111
improved,stage2,0.046511627906976716,0.0,0.0888888888888889,D024,1.0,0,0.0,False,stage2_cosine_prototype,15,45,1.0,1.0,True,3,0,4,,0.9534883720930233,0.0,1.0,0.9111111111111111
unchanged,stage2,0.0,0.0,0.0,D024,0.9534883720930233,0,0.0,False,stage2_finetune_bias_only,15,45,1.0,0.9111111111111111,True,3,0,4,,0.9534883720930233,0.0,1.0,0.9111111111111111
unchanged,stage2,0.0,0.0,0.0,D024,0.9534883720930233,0,0.0,False,stage2_finetune_head,15,45,1.0,0.9111111111111111,True,3,0,4,,0.9534883720930233,0.0,1.0,0.9111111111111111
improved,stage2,0.046511627906976716,0.0,0.0888888888888889,D024,1.0,0,0.0,False,stage2_positive_bias,15,45,1.0,1.0,True,3,0,4,,0.9534883720930233,0.0,1.0,0.9111111111111111
unchanged,none,0.0,0.0,0.0,D024,0.9534883720930233,0,0.0,False,zero_shot,15,45,1.0,0.9111111111111111,True,3,0,4,,0.9534883720930233,0.0,1.0,0.9111111111111111
unchanged,stage1,0.0,0.0,0.0,D024,0.955223880597015,0,0.0,False,stage1_finetune_bias_only,15,35,1.0,0.9142857142857143,True,5,0,3,,0.955223880597015,0.0,1.0,0.9142857142857143
unchanged,stage1,0.0,0.0,0.0,D024,0.955223880597015,0,0.0,False,stage1_finetune_head,15,35,1.0,0.9142857142857143,True,5,0,3,,0.955223880597015,0.0,1.0,0.9142857142857143
unchanged,stage1+stage2,0.0,0.0,0.0,D024,0.955223880597015,0,0.0,False,stage1_stage2_combined,15,35,1.0,0.9142857142857143,True,5,0,3,,0.955223880597015,0.0,1.0,0.9142857142857143
improved,stage2,0.04477611940298498,0.0,0.08571428571428574,D024,1.0,0,0.0,False,stage2_cosine_prototype,15,35,1.0,1.0,True,5,0,3,,0.955223880597015,0.0,1.0,0.9142857142857143
unchanged,stage2,0.0,0.0,0.0,D024,0.955223880597015,0,0.0,False,stage2_finetune_bias_only,15,35,1.0,0.9142857142857143,True,5,0,3,,0.955223880597015,0.0,1.0,0.9142857142857143
unchanged,stage2,0.0,0.0,0.0,D024,0.955223880597015,0,0.0,False,stage2_finetune_head,15,35,1.0,0.9142857142857143,True,5,0,3,,0.955223880597015,0.0,1.0,0.9142857142857143
improved,stage2,0.04477611940298498,0.0,0.08571428571428574,D024,1.0,0,0.0,False,stage2_positive_bias,15,35,1.0,1.0,True,5,0,3,,0.955223880597015,0.0,1.0,0.9142857142857143
unchanged,none,0.0,0.0,0.0,D024,0.955223880597015,0,0.0,False,zero_shot,15,35,1.0,0.9142857142857143,True,5,0,3,,0.955223880597015,0.0,1.0,0.9142857142857143
unchanged,stage1,0.0,0.0,0.0,D025,0.7417218543046357,0,0.0,False,stage1_finetune_bias_only,75,95,1.0,0.5894736842105263,True,3,30,9,,0.7417218543046357,0.0,1.0,0.5894736842105263
unchanged,stage1,0.0,0.0,0.0,D025,0.7417218543046357,0,0.0,False,stage1_finetune_head,75,95,1.0,0.5894736842105263,True,3,30,9,,0.7417218543046357,0.0,1.0,0.5894736842105263
unchanged,stage1+stage2,0.0,0.0,0.0,D025,0.7417218543046357,0,0.0,False,stage1_stage2_combined,75,95,1.0,0.5894736842105263,True,3,30,9,,0.7417218543046357,0.0,1.0,0.5894736842105263
improved,stage2,0.07077814569536445,0.0,0.09473684210526323,D025,0.8125000000000001,0,0.0,False,stage2_cosine_prototype,75,95,1.0,0.6842105263157895,True,3,30,9,,0.7417218543046357,0.0,1.0,0.5894736842105263
unchanged,stage2,0.0,0.0,0.0,D025,0.7417218543046357,0,0.0,False,stage2_finetune_bias_only,75,95,1.0,0.5894736842105263,True,3,30,9,,0.7417218543046357,0.0,1.0,0.5894736842105263
unchanged,stage2,0.0,0.0,0.0,D025,0.7417218543046357,0,0.0,False,stage2_finetune_head,75,95,1.0,0.5894736842105263,True,3,30,9,,0.7417218543046357,0.0,1.0,0.5894736842105263
improved,stage2,0.040329427746646385,0.0,0.052631578947368474,D025,0.782051282051282,0,0.0,False,stage2_positive_bias,75,95,1.0,0.6421052631578947,True,3,30,9,,0.7417218543046357,0.0,1.0,0.5894736842105263
unchanged,none,0.0,0.0,0.0,D025,0.7417218543046357,0,0.0,False,zero_shot,75,95,1.0,0.5894736842105263,True,3,30,9,,0.7417218543046357,0.0,1.0,0.5894736842105263
unchanged,stage1,0.0,0.0,0.0,D025,0.7218045112781954,0,0.0,False,stage1_finetune_bias_only,75,85,1.0,0.5647058823529412,True,5,28,9,,0.7218045112781954,0.0,1.0,0.5647058823529412
unchanged,stage1,0.0,0.0,0.0,D025,0.7218045112781954,0,0.0,False,stage1_finetune_head,75,85,1.0,0.5647058823529412,True,5,28,9,,0.7218045112781954,0.0,1.0,0.5647058823529412
unchanged,stage1+stage2,0.0,0.0,0.0,D025,0.7218045112781954,0,0.0,False,stage1_stage2_combined,75,85,1.0,0.5647058823529412,True,5,28,9,,0.7218045112781954,0.0,1.0,0.5647058823529412
improved,stage2,0.0810123901302553,0.0,0.10588235294117643,D025,0.8028169014084507,0,0.0,False,stage2_cosine_prototype,75,85,1.0,0.6705882352941176,True,5,28,9,,0.7218045112781954,0.0,1.0,0.5647058823529412
unchanged,stage2,0.0,0.0,0.0,D025,0.7218045112781954,0,0.0,False,stage2_finetune_bias_only,75,85,1.0,0.5647058823529412,True,5,28,9,,0.7218045112781954,0.0,1.0,0.5647058823529412
unchanged,stage2,0.0,0.0,0.0,D025,0.7218045112781954,0,0.0,False,stage2_finetune_head,75,85,1.0,0.5647058823529412,True,5,28,9,,0.7218045112781954,0.0,1.0,0.5647058823529412
improved,stage2,0.04631143075079003,0.0,0.05882352941176472,D025,0.7681159420289855,0,0.0,False,stage2_positive_bias,75,85,1.0,0.6235294117647059,True,5,28,9,,0.7218045112781954,0.0,1.0,0.5647058823529412
unchanged,none,0.0,0.0,0.0,D025,0.7218045112781954,0,0.0,False,zero_shot,75,85,1.0,0.5647058823529412,True,5,28,9,,0.7218045112781954,0.0,1.0,0.5647058823529412
unchanged,stage1,0.0,0.0,0.0,D026,1.0,0,0.0,False,stage1_finetune_bias_only,75,45,1.0,1.0,True,3,0,0,,1.0,0.0,1.0,1.0
unchanged,stage1,0.0,0.0,0.0,D026,1.0,0,0.0,False,stage1_finetune_head,75,45,1.0,1.0,True,3,0,0,,1.0,0.0,1.0,1.0
unchanged,stage1+stage2,0.0,0.0,0.0,D026,1.0,0,0.0,False,stage1_stage2_combined,75,45,1.0,1.0,True,3,0,0,,1.0,0.0,1.0,1.0
unchanged,stage2,0.0,0.0,0.0,D026,1.0,0,0.0,False,stage2_cosine_prototype,75,45,1.0,1.0,True,3,0,0,,1.0,0.0,1.0,1.0
unchanged,stage2,0.0,0.0,0.0,D026,1.0,0,0.0,False,stage2_finetune_bias_only,75,45,1.0,1.0,True,3,0,0,,1.0,0.0,1.0,1.0
unchanged,stage2,0.0,0.0,0.0,D026,1.0,0,0.0,False,stage2_finetune_head,75,45,1.0,1.0,True,3,0,0,,1.0,0.0,1.0,1.0
unchanged,stage2,0.0,0.0,0.0,D026,1.0,0,0.0,False,stage2_positive_bias,75,45,1.0,1.0,True,3,0,0,,1.0,0.0,1.0,1.0
unchanged,none,0.0,0.0,0.0,D026,1.0,0,0.0,False,zero_shot,75,45,1.0,1.0,True,3,0,0,,1.0,0.0,1.0,1.0
unchanged,stage1,0.0,0.0,0.0,D026,1.0,0,0.0,False,stage1_finetune_bias_only,75,35,1.0,1.0,True,5,0,0,,1.0,0.0,1.0,1.0
unchanged,stage1,0.0,0.0,0.0,D026,1.0,0,0.0,False,stage1_finetune_head,75,35,1.0,1.0,True,5,0,0,,1.0,0.0,1.0,1.0
unchanged,stage1+stage2,0.0,0.0,0.0,D026,1.0,0,0.0,False,stage1_stage2_combined,75,35,1.0,1.0,True,5,0,0,,1.0,0.0,1.0,1.0
unchanged,stage2,0.0,0.0,0.0,D026,1.0,0,0.0,False,stage2_cosine_prototype,75,35,1.0,1.0,True,5,0,0,,1.0,0.0,1.0,1.0
unchanged,stage2,0.0,0.0,0.0,D026,1.0,0,0.0,False,stage2_finetune_bias_only,75,35,1.0,1.0,True,5,0,0,,1.0,0.0,1.0,1.0
unchanged,stage2,0.0,0.0,0.0,D026,1.0,0,0.0,False,stage2_finetune_head,75,35,1.0,1.0,True,5,0,0,,1.0,0.0,1.0,1.0
unchanged,stage2,0.0,0.0,0.0,D026,1.0,0,0.0,False,stage2_positive_bias,75,35,1.0,1.0,True,5,0,0,,1.0,0.0,1.0,1.0
unchanged,none,0.0,0.0,0.0,D026,1.0,0,0.0,False,zero_shot,75,35,1.0,1.0,True,5,0,0,,1.0,0.0,1.0,1.0
unchanged,stage1,0.0,0.0,0.0,D027,0.8095238095238095,0,0.0,False,stage1_finetune_bias_only,85,50,1.0,0.68,True,3,0,16,,0.8095238095238095,0.0,1.0,0.68
unchanged,stage1,0.0,0.0,0.0,D027,0.8095238095238095,0,0.0,False,stage1_finetune_head,85,50,1.0,0.68,True,3,0,16,,0.8095238095238095,0.0,1.0,0.68
unchanged,stage1+stage2,0.0,0.0,0.0,D027,0.8095238095238095,0,0.0,False,stage1_stage2_combined,85,50,1.0,0.68,True,3,0,16,,0.8095238095238095,0.0,1.0,0.68
improved,stage2,0.19047619047619047,0.0,0.31999999999999995,D027,1.0,0,0.0,False,stage2_cosine_prototype,85,50,1.0,1.0,True,3,0,16,,0.8095238095238095,0.0,1.0,0.68
unchanged,stage2,0.0,0.0,0.0,D027,0.8095238095238095,0,0.0,False,stage2_finetune_bias_only,85,50,1.0,0.68,True,3,0,16,,0.8095238095238095,0.0,1.0,0.68
unchanged,stage2,0.0,0.0,0.0,D027,0.8095238095238095,0,0.0,False,stage2_finetune_head,85,50,1.0,0.68,True,3,0,16,,0.8095238095238095,0.0,1.0,0.68
improved,stage2,0.19047619047619047,0.0,0.31999999999999995,D027,1.0,0,0.0,False,stage2_positive_bias,85,50,1.0,1.0,True,3,0,16,,0.8095238095238095,0.0,1.0,0.68
unchanged,none,0.0,0.0,0.0,D027,0.8095238095238095,0,0.0,False,zero_shot,85,50,1.0,0.68,True,3,0,16,,0.8095238095238095,0.0,1.0,0.68
unchanged,stage1,0.0,0.0,0.0,D027,0.787878787878788,0,0.0,False,stage1_finetune_bias_only,85,40,1.0,0.65,True,5,0,14,,0.787878787878788,0.0,1.0,0.65
unchanged,stage1,0.0,0.0,0.0,D027,0.787878787878788,0,0.0,False,stage1_finetune_head,85,40,1.0,0.65,True,5,0,14,,0.787878787878788,0.0,1.0,0.65
unchanged,stage1+stage2,0.0,0.0,0.0,D027,0.787878787878788,0,0.0,False,stage1_stage2_combined,85,40,1.0,0.65,True,5,0,14,,0.787878787878788,0.0,1.0,0.65
improved,stage2,0.21212121212121204,0.0,0.35,D027,1.0,0,0.0,False,stage2_cosine_prototype,85,40,1.0,1.0,True,5,0,14,,0.787878787878788,0.0,1.0,0.65
unchanged,stage2,0.0,0.0,0.0,D027,0.787878787878788,0,0.0,False,stage2_finetune_bias_only,85,40,1.0,0.65,True,5,0,14,,0.787878787878788,0.0,1.0,0.65
unchanged,stage2,0.0,0.0,0.0,D027,0.787878787878788,0,0.0,False,stage2_finetune_head,85,40,1.0,0.65,True,5,0,14,,0.787878787878788,0.0,1.0,0.65
improved,stage2,0.21212121212121204,0.0,0.35,D027,1.0,0,0.0,False,stage2_positive_bias,85,40,1.0,1.0,True,5,0,14,,0.787878787878788,0.0,1.0,0.65
unchanged,none,0.0,0.0,0.0,D027,0.787878787878788,0,0.0,False,zero_shot,85,40,1.0,0.65,True,5,0,14,,0.787878787878788,0.0,1.0,0.65
unchanged,stage1,0.0,0.0,0.0,D028,1.0,0,0.0,False,stage1_finetune_bias_only,75,65,1.0,1.0,True,3,0,0,,1.0,0.0,1.0,1.0
unchanged,stage1,0.0,0.0,0.0,D028,1.0,0,0.0,False,stage1_finetune_head,75,65,1.0,1.0,True,3,0,0,,1.0,0.0,1.0,1.0
unchanged,stage1+stage2,0.0,0.0,0.0,D028,1.0,0,0.0,False,stage1_stage2_combined,75,65,1.0,1.0,True,3,0,0,,1.0,0.0,1.0,1.0
unchanged,stage2,0.0,0.0,0.0,D028,1.0,0,0.0,False,stage2_cosine_prototype,75,65,1.0,1.0,True,3,0,0,,1.0,0.0,1.0,1.0
unchanged,stage2,0.0,0.0,0.0,D028,1.0,0,0.0,False,stage2_finetune_bias_only,75,65,1.0,1.0,True,3,0,0,,1.0,0.0,1.0,1.0
unchanged,stage2,0.0,0.0,0.0,D028,1.0,0,0.0,False,stage2_finetune_head,75,65,1.0,1.0,True,3,0,0,,1.0,0.0,1.0,1.0
unchanged,stage2,0.0,0.0,0.0,D028,1.0,0,0.0,False,stage2_positive_bias,75,65,1.0,1.0,True,3,0,0,,1.0,0.0,1.0,1.0
unchanged,none,0.0,0.0,0.0,D028,1.0,0,0.0,False,zero_shot,75,65,1.0,1.0,True,3,0,0,,1.0,0.0,1.0,1.0
unchanged,stage1,0.0,0.0,0.0,D028,1.0,0,0.0,False,stage1_finetune_bias_only,75,55,1.0,1.0,True,5,0,0,,1.0,0.0,1.0,1.0
unchanged,stage1,0.0,0.0,0.0,D028,1.0,0,0.0,False,stage1_finetune_head,75,55,1.0,1.0,True,5,0,0,,1.0,0.0,1.0,1.0
unchanged,stage1+stage2,0.0,0.0,0.0,D028,1.0,0,0.0,False,stage1_stage2_combined,75,55,1.0,1.0,True,5,0,0,,1.0,0.0,1.0,1.0
unchanged,stage2,0.0,0.0,0.0,D028,1.0,0,0.0,False,stage2_cosine_prototype,75,55,1.0,1.0,True,5,0,0,,1.0,0.0,1.0,1.0
unchanged,stage2,0.0,0.0,0.0,D028,1.0,0,0.0,False,stage2_finetune_bias_only,75,55,1.0,1.0,True,5,0,0,,1.0,0.0,1.0,1.0
unchanged,stage2,0.0,0.0,0.0,D028,1.0,0,0.0,False,stage2_finetune_head,75,55,1.0,1.0,True,5,0,0,,1.0,0.0,1.0,1.0
unchanged,stage2,0.0,0.0,0.0,D028,1.0,0,0.0,False,stage2_positive_bias,75,55,1.0,1.0,True,5,0,0,,1.0,0.0,1.0,1.0
unchanged,none,0.0,0.0,0.0,D028,1.0,0,0.0,False,zero_shot,75,55,1.0,1.0,True,5,0,0,,1.0,0.0,1.0,1.0
unchanged,stage1,0.0,0.0,0.0,D029,1.0,0,0.0,False,stage1_finetune_bias_only,150,135,1.0,1.0,True,3,0,0,,1.0,0.0,1.0,1.0
unchanged,stage1,0.0,0.0,0.0,D029,1.0,0,0.0,False,stage1_finetune_head,150,135,1.0,1.0,True,3,0,0,,1.0,0.0,1.0,1.0
unchanged,stage1+stage2,0.0,0.0,0.0,D029,1.0,0,0.0,False,stage1_stage2_combined,150,135,1.0,1.0,True,3,0,0,,1.0,0.0,1.0,1.0
unchanged,stage2,0.0,0.0,0.0,D029,1.0,0,0.0,False,stage2_cosine_prototype,150,135,1.0,1.0,True,3,0,0,,1.0,0.0,1.0,1.0
unchanged,stage2,0.0,0.0,0.0,D029,1.0,0,0.0,False,stage2_finetune_bias_only,150,135,1.0,1.0,True,3,0,0,,1.0,0.0,1.0,1.0
unchanged,stage2,0.0,0.0,0.0,D029,1.0,0,0.0,False,stage2_finetune_head,150,135,1.0,1.0,True,3,0,0,,1.0,0.0,1.0,1.0
unchanged,stage2,0.0,0.0,0.0,D029,1.0,0,0.0,False,stage2_positive_bias,150,135,1.0,1.0,True,3,0,0,,1.0,0.0,1.0,1.0
unchanged,none,0.0,0.0,0.0,D029,1.0,0,0.0,False,zero_shot,150,135,1.0,1.0,True,3,0,0,,1.0,0.0,1.0,1.0
unchanged,stage1,0.0,0.0,0.0,D029,1.0,0,0.0,False,stage1_finetune_bias_only,150,125,1.0,1.0,True,5,0,0,,1.0,0.0,1.0,1.0
unchanged,stage1,0.0,0.0,0.0,D029,1.0,0,0.0,False,stage1_finetune_head,150,125,1.0,1.0,True,5,0,0,,1.0,0.0,1.0,1.0
unchanged,stage1+stage2,0.0,0.0,0.0,D029,1.0,0,0.0,False,stage1_stage2_combined,150,125,1.0,1.0,True,5,0,0,,1.0,0.0,1.0,1.0
unchanged,stage2,0.0,0.0,0.0,D029,1.0,0,0.0,False,stage2_cosine_prototype,150,125,1.0,1.0,True,5,0,0,,1.0,0.0,1.0,1.0
unchanged,stage2,0.0,0.0,0.0,D029,1.0,0,0.0,False,stage2_finetune_bias_only,150,125,1.0,1.0,True,5,0,0,,1.0,0.0,1.0,1.0
unchanged,stage2,0.0,0.0,0.0,D029,1.0,0,0.0,False,stage2_finetune_head,150,125,1.0,1.0,True,5,0,0,,1.0,0.0,1.0,1.0
unchanged,stage2,0.0,0.0,0.0,D029,1.0,0,0.0,False,stage2_positive_bias,150,125,1.0,1.0,True,5,0,0,,1.0,0.0,1.0,1.0
unchanged,none,0.0,0.0,0.0,D029,1.0,0,0.0,False,zero_shot,150,125,1.0,1.0,True,5,0,0,,1.0,0.0,1.0,1.0
unchanged,stage1,0.0,0.0,0.0,D030,0.4615384615384615,0,0.0,False,stage1_finetune_bias_only,10,10,1.0,0.3,True,3,4,3,,0.4615384615384615,0.0,1.0,0.3
unchanged,stage1,0.0,0.0,0.0,D030,0.4615384615384615,0,0.0,False,stage1_finetune_head,10,10,1.0,0.3,True,3,4,3,,0.4615384615384615,0.0,1.0,0.3
unchanged,stage1+stage2,0.0,0.0,0.0,D030,0.4615384615384615,0,0.0,False,stage1_stage2_combined,10,10,1.0,0.3,True,3,4,3,,0.4615384615384615,0.0,1.0,0.3
improved,stage2,0.2884615384615384,0.0,0.3,D030,0.7499999999999999,0,0.0,False,stage2_cosine_prototype,10,10,1.0,0.6,True,3,4,3,,0.4615384615384615,0.0,1.0,0.3
unchanged,stage2,0.0,0.0,0.0,D030,0.4615384615384615,0,0.0,False,stage2_finetune_bias_only,10,10,1.0,0.3,True,3,4,3,,0.4615384615384615,0.0,1.0,0.3
unchanged,stage2,0.0,0.0,0.0,D030,0.4615384615384615,0,0.0,False,stage2_finetune_head,10,10,1.0,0.3,True,3,4,3,,0.4615384615384615,0.0,1.0,0.3
improved,stage2,0.2884615384615384,0.0,0.3,D030,0.7499999999999999,0,0.0,False,stage2_positive_bias,10,10,1.0,0.6,True,3,4,3,,0.4615384615384615,0.0,1.0,0.3
unchanged,none,0.0,0.0,0.0,D030,0.4615384615384615,0,0.0,False,zero_shot,10,10,1.0,0.3,True,3,4,3,,0.4615384615384615,0.0,1.0,0.3
unchanged,stage1,0.0,0.0,0.0,D031,0.5454545454545454,0,0.0,False,stage1_finetune_bias_only,75,40,1.0,0.375,True,3,0,25,,0.5454545454545454,0.0,1.0,0.375
unchanged,stage1,0.0,0.0,0.0,D031,0.5454545454545454,0,0.0,False,stage1_finetune_head,75,40,1.0,0.375,True,3,0,25,,0.5454545454545454,0.0,1.0,0.375
unchanged,stage1+stage2,0.0,0.0,0.0,D031,0.5454545454545454,0,0.0,False,stage1_stage2_combined,75,40,1.0,0.375,True,3,0,25,,0.5454545454545454,0.0,1.0,0.375
improved,stage2,0.1847041847041847,0.0,0.19999999999999996,D031,0.7301587301587301,0,0.0,False,stage2_cosine_prototype,75,40,1.0,0.575,True,3,0,25,,0.5454545454545454,0.0,1.0,0.375
unchanged,stage2,0.0,0.0,0.0,D031,0.5454545454545454,0,0.0,False,stage2_finetune_bias_only,75,40,1.0,0.375,True,3,0,25,,0.5454545454545454,0.0,1.0,0.375
unchanged,stage2,0.0,0.0,0.0,D031,0.5454545454545454,0,0.0,False,stage2_finetune_head,75,40,1.0,0.375,True,3,0,25,,0.5454545454545454,0.0,1.0,0.375
improved,stage2,0.4155844155844156,0.0,0.55,D031,0.961038961038961,0,0.0,False,stage2_positive_bias,75,40,1.0,0.925,True,3,0,25,,0.5454545454545454,0.0,1.0,0.375
unchanged,none,0.0,0.0,0.0,D031,0.5454545454545454,0,0.0,False,zero_shot,75,40,1.0,0.375,True,3,0,25,,0.5454545454545454,0.0,1.0,0.375
unchanged,stage1,0.0,0.0,0.0,D031,0.5714285714285715,0,0.0,False,stage1_finetune_bias_only,75,30,1.0,0.4,True,5,0,18,,0.5714285714285715,0.0,1.0,0.4
unchanged,stage1,0.0,0.0,0.0,D031,0.5714285714285715,0,0.0,False,stage1_finetune_head,75,30,1.0,0.4,True,5,0,18,,0.5714285714285715,0.0,1.0,0.4
unchanged,stage1+stage2,0.0,0.0,0.0,D031,0.5714285714285715,0,0.0,False,stage1_stage2_combined,75,30,1.0,0.4,True,5,0,18,,0.5714285714285715,0.0,1.0,0.4
improved,stage2,0.3571428571428571,0.0,0.4666666666666667,D031,0.9285714285714286,0,0.0,False,stage2_cosine_prototype,75,30,1.0,0.8666666666666667,True,5,0,18,,0.5714285714285715,0.0,1.0,0.4
unchanged,stage2,0.0,0.0,0.0,D031,0.5714285714285715,0,0.0,False,stage2_finetune_bias_only,75,30,1.0,0.4,True,5,0,18,,0.5714285714285715,0.0,1.0,0.4
unchanged,stage2,0.0,0.0,0.0,D031,0.5714285714285715,0,0.0,False,stage2_finetune_head,75,30,1.0,0.4,True,5,0,18,,0.5714285714285715,0.0,1.0,0.4
improved,stage2,0.3571428571428571,0.0,0.4666666666666667,D031,0.9285714285714286,0,0.0,False,stage2_positive_bias,75,30,1.0,0.8666666666666667,True,5,0,18,,0.5714285714285715,0.0,1.0,0.4
unchanged,none,0.0,0.0,0.0,D031,0.5714285714285715,0,0.0,False,zero_shot,75,30,1.0,0.4,True,5,0,18,,0.5714285714285715,0.0,1.0,0.4
unchanged,stage1,0.0,0.0,0.0,D032,0.9130434782608696,0,0.0,False,stage1_finetune_bias_only,10,25,1.0,0.84,True,3,0,4,,0.9130434782608696,0.0,1.0,0.84
unchanged,stage1,0.0,0.0,0.0,D032,0.9130434782608696,0,0.0,False,stage1_finetune_head,10,25,1.0,0.84,True,3,0,4,,0.9130434782608696,0.0,1.0,0.84
unchanged,stage1+stage2,0.0,0.0,0.0,D032,0.9130434782608696,0,0.0,False,stage1_stage2_combined,10,25,1.0,0.84,True,3,0,4,,0.9130434782608696,0.0,1.0,0.84
improved,stage2,0.08695652173913038,0.0,0.16000000000000003,D032,1.0,0,0.0,False,stage2_cosine_prototype,10,25,1.0,1.0,True,3,0,4,,0.9130434782608696,0.0,1.0,0.84
unchanged,stage2,0.0,0.0,0.0,D032,0.9130434782608696,0,0.0,False,stage2_finetune_bias_only,10,25,1.0,0.84,True,3,0,4,,0.9130434782608696,0.0,1.0,0.84
unchanged,stage2,0.0,0.0,0.0,D032,0.9130434782608696,0,0.0,False,stage2_finetune_head,10,25,1.0,0.84,True,3,0,4,,0.9130434782608696,0.0,1.0,0.84
improved,stage2,0.08695652173913038,0.0,0.16000000000000003,D032,1.0,0,0.0,False,stage2_positive_bias,10,25,1.0,1.0,True,3,0,4,,0.9130434782608696,0.0,1.0,0.84
unchanged,none,0.0,0.0,0.0,D032,0.9130434782608696,0,0.0,False,zero_shot,10,25,1.0,0.84,True,3,0,4,,0.9130434782608696,0.0,1.0,0.84
unchanged,stage1,0.0,0.0,0.0,D032,0.888888888888889,0,0.0,False,stage1_finetune_bias_only,10,15,1.0,0.8,True,5,0,3,,0.888888888888889,0.0,1.0,0.8
unchanged,stage1,0.0,0.0,0.0,D032,0.888888888888889,0,0.0,False,stage1_finetune_head,10,15,1.0,0.8,True,5,0,3,,0.888888888888889,0.0,1.0,0.8
unchanged,stage1+stage2,0.0,0.0,0.0,D032,0.888888888888889,0,0.0,False,stage1_stage2_combined,10,15,1.0,0.8,True,5,0,3,,0.888888888888889,0.0,1.0,0.8
improved,stage2,0.11111111111111105,0.0,0.19999999999999996,D032,1.0,0,0.0,False,stage2_cosine_prototype,10,15,1.0,1.0,True,5,0,3,,0.888888888888889,0.0,1.0,0.8
unchanged,stage2,0.0,0.0,0.0,D032,0.888888888888889,0,0.0,False,stage2_finetune_bias_only,10,15,1.0,0.8,True,5,0,3,,0.888888888888889,0.0,1.0,0.8
unchanged,stage2,0.0,0.0,0.0,D032,0.888888888888889,0,0.0,False,stage2_finetune_head,10,15,1.0,0.8,True,5,0,3,,0.888888888888889,0.0,1.0,0.8
improved,stage2,0.11111111111111105,0.0,0.19999999999999996,D032,1.0,0,0.0,False,stage2_positive_bias,10,15,1.0,1.0,True,5,0,3,,0.888888888888889,0.0,1.0,0.8
unchanged,none,0.0,0.0,0.0,D032,0.888888888888889,0,0.0,False,zero_shot,10,15,1.0,0.8,True,5,0,3,,0.888888888888889,0.0,1.0,0.8
unchanged,stage1,0.0,0.0,0.0,D033,0.5245901639344263,0,0.0,False,stage1_finetune_bias_only,25,45,1.0,0.35555555555555557,True,3,8,21,,0.5245901639344263,0.0,1.0,0.35555555555555557
unchanged,stage1,0.0,0.0,0.0,D033,0.5245901639344263,0,0.0,False,stage1_finetune_head,25,45,1.0,0.35555555555555557,True,3,8,21,,0.5245901639344263,0.0,1.0,0.35555555555555557
unchanged,stage1+stage2,0.0,0.0,0.0,D033,0.5245901639344263,0,0.0,False,stage1_stage2_combined,25,45,1.0,0.35555555555555557,True,3,8,21,,0.5245901639344263,0.0,1.0,0.35555555555555557
improved,stage2,0.30657866723440486,0.0,0.35555555555555557,D033,0.8311688311688311,0,0.0,False,stage2_cosine_prototype,25,45,1.0,0.7111111111111111,True,3,8,21,,0.5245901639344263,0.0,1.0,0.35555555555555557
unchanged,stage2,0.0,0.0,0.0,D033,0.5245901639344263,0,0.0,False,stage2_finetune_bias_only,25,45,1.0,0.35555555555555557,True,3,8,21,,0.5245901639344263,0.0,1.0,0.35555555555555557
unchanged,stage2,0.0,0.0,0.0,D033,0.5245901639344263,0,0.0,False,stage2_finetune_head,25,45,1.0,0.35555555555555557,True,3,8,21,,0.5245901639344263,0.0,1.0,0.35555555555555557
improved,stage2,0.22540983606557363,0.0,0.2444444444444444,D033,0.7499999999999999,0,0.0,False,stage2_positive_bias,25,45,1.0,0.6,True,3,8,21,,0.5245901639344263,0.0,1.0,0.35555555555555557
unchanged,none,0.0,0.0,0.0,D033,0.5245901639344263,0,0.0,False,zero_shot,25,45,1.0,0.35555555555555557,True,3,8,21,,0.5245901639344263,0.0,1.0,0.35555555555555557
unchanged,stage1,0.0,0.0,0.0,D033,0.5416666666666666,0,0.0,False,stage1_finetune_bias_only,25,35,1.0,0.37142857142857144,True,5,7,15,,0.5416666666666666,0.0,1.0,0.37142857142857144
unchanged,stage1,0.0,0.0,0.0,D033,0.5416666666666666,0,0.0,False,stage1_finetune_head,25,35,1.0,0.37142857142857144,True,5,7,15,,0.5416666666666666,0.0,1.0,0.37142857142857144
unchanged,stage1+stage2,0.0,0.0,0.0,D033,0.5416666666666666,0,0.0,False,stage1_stage2_combined,25,35,1.0,0.37142857142857144,True,5,7,15,,0.5416666666666666,0.0,1.0,0.37142857142857144
improved,stage2,0.29166666666666663,0.0,0.34285714285714286,D033,0.8333333333333333,0,0.0,False,stage2_cosine_prototype,25,35,1.0,0.7142857142857143,True,5,7,15,,0.5416666666666666,0.0,1.0,0.37142857142857144
unchanged,stage2,0.0,0.0,0.0,D033,0.5416666666666666,0,0.0,False,stage2_finetune_bias_only,25,35,1.0,0.37142857142857144,True,5,7,15,,0.5416666666666666,0.0,1.0,0.37142857142857144
unchanged,stage2,0.0,0.0,0.0,D033,0.5416666666666666,0,0.0,False,stage2_finetune_head,25,35,1.0,0.37142857142857144,True,5,7,15,,0.5416666666666666,0.0,1.0,0.37142857142857144
improved,stage2,0.2452185792349728,0.08,0.3142857142857143,D033,0.7868852459016394,2,0.08,False,stage2_positive_bias,25,35,0.9230769230769231,0.6857142857142857,False,5,7,15,,0.5416666666666666,0.0,1.0,0.37142857142857144
unchanged,none,0.0,0.0,0.0,D033,0.5416666666666666,0,0.0,False,zero_shot,25,35,1.0,0.37142857142857144,True,5,7,15,,0.5416666666666666,0.0,1.0,0.37142857142857144
unchanged,stage1,0.0,0.0,0.0,D034,1.0,0,0.0,False,stage1_finetune_bias_only,75,40,1.0,1.0,True,3,0,0,,1.0,0.0,1.0,1.0
unchanged,stage1,0.0,0.0,0.0,D034,1.0,0,0.0,False,stage1_finetune_head,75,40,1.0,1.0,True,3,0,0,,1.0,0.0,1.0,1.0
unchanged,stage1+stage2,0.0,0.0,0.0,D034,1.0,0,0.0,False,stage1_stage2_combined,75,40,1.0,1.0,True,3,0,0,,1.0,0.0,1.0,1.0
unchanged,stage2,0.0,0.0,0.0,D034,1.0,0,0.0,False,stage2_cosine_prototype,75,40,1.0,1.0,True,3,0,0,,1.0,0.0,1.0,1.0
unchanged,stage2,0.0,0.0,0.0,D034,1.0,0,0.0,False,stage2_finetune_bias_only,75,40,1.0,1.0,True,3,0,0,,1.0,0.0,1.0,1.0
unchanged,stage2,0.0,0.0,0.0,D034,1.0,0,0.0,False,stage2_finetune_head,75,40,1.0,1.0,True,3,0,0,,1.0,0.0,1.0,1.0
unchanged,stage2,0.0,0.0,0.0,D034,1.0,0,0.0,False,stage2_positive_bias,75,40,1.0,1.0,True,3,0,0,,1.0,0.0,1.0,1.0
unchanged,none,0.0,0.0,0.0,D034,1.0,0,0.0,False,zero_shot,75,40,1.0,1.0,True,3,0,0,,1.0,0.0,1.0,1.0
unchanged,stage1,0.0,0.0,0.0,D034,1.0,0,0.0,False,stage1_finetune_bias_only,75,30,1.0,1.0,True,5,0,0,,1.0,0.0,1.0,1.0
unchanged,stage1,0.0,0.0,0.0,D034,1.0,0,0.0,False,stage1_finetune_head,75,30,1.0,1.0,True,5,0,0,,1.0,0.0,1.0,1.0
unchanged,stage1+stage2,0.0,0.0,0.0,D034,1.0,0,0.0,False,stage1_stage2_combined,75,30,1.0,1.0,True,5,0,0,,1.0,0.0,1.0,1.0
unchanged,stage2,0.0,0.0,0.0,D034,1.0,0,0.0,False,stage2_cosine_prototype,75,30,1.0,1.0,True,5,0,0,,1.0,0.0,1.0,1.0
unchanged,stage2,0.0,0.0,0.0,D034,1.0,0,0.0,False,stage2_finetune_bias_only,75,30,1.0,1.0,True,5,0,0,,1.0,0.0,1.0,1.0
unchanged,stage2,0.0,0.0,0.0,D034,1.0,0,0.0,False,stage2_finetune_head,75,30,1.0,1.0,True,5,0,0,,1.0,0.0,1.0,1.0
unchanged,stage2,0.0,0.0,0.0,D034,1.0,0,0.0,False,stage2_positive_bias,75,30,1.0,1.0,True,5,0,0,,1.0,0.0,1.0,1.0
unchanged,none,0.0,0.0,0.0,D034,1.0,0,0.0,False,zero_shot,75,30,1.0,1.0,True,5,0,0,,1.0,0.0,1.0,1.0
unchanged,stage1,0.0,0.0,0.0,D035,0.9130434782608696,0,0.0,False,stage1_finetune_bias_only,75,50,1.0,0.84,True,3,8,0,,0.9130434782608696,0.0,1.0,0.84
unchanged,stage1,0.0,0.0,0.0,D035,0.9130434782608696,0,0.0,False,stage1_finetune_head,75,50,1.0,0.84,True,3,8,0,,0.9130434782608696,0.0,1.0,0.84
unchanged,stage1+stage2,0.0,0.0,0.0,D035,0.9130434782608696,0,0.0,False,stage1_stage2_combined,75,50,1.0,0.84,True,3,8,0,,0.9130434782608696,0.0,1.0,0.84
unchanged,stage2,0.0,0.0,0.0,D035,0.9130434782608696,0,0.0,False,stage2_cosine_prototype,75,50,1.0,0.84,True,3,8,0,,0.9130434782608696,0.0,1.0,0.84
unchanged,stage2,0.0,0.0,0.0,D035,0.9130434782608696,0,0.0,False,stage2_finetune_bias_only,75,50,1.0,0.84,True,3,8,0,,0.9130434782608696,0.0,1.0,0.84
unchanged,stage2,0.0,0.0,0.0,D035,0.9130434782608696,0,0.0,False,stage2_finetune_head,75,50,1.0,0.84,True,3,8,0,,0.9130434782608696,0.0,1.0,0.84
unchanged,stage2,0.0,0.0,0.0,D035,0.9130434782608696,0,0.0,False,stage2_positive_bias,75,50,1.0,0.84,True,3,8,0,,0.9130434782608696,0.0,1.0,0.84
unchanged,none,0.0,0.0,0.0,D035,0.9130434782608696,0,0.0,False,zero_shot,75,50,1.0,0.84,True,3,8,0,,0.9130434782608696,0.0,1.0,0.84
unchanged,stage1,0.0,0.0,0.0,D035,0.888888888888889,0,0.0,False,stage1_finetune_bias_only,75,40,1.0,0.8,True,5,8,0,,0.888888888888889,0.0,1.0,0.8
unchanged,stage1,0.0,0.0,0.0,D035,0.888888888888889,0,0.0,False,stage1_finetune_head,75,40,1.0,0.8,True,5,8,0,,0.888888888888889,0.0,1.0,0.8
unchanged,stage1+stage2,0.0,0.0,0.0,D035,0.888888888888889,0,0.0,False,stage1_stage2_combined,75,40,1.0,0.8,True,5,8,0,,0.888888888888889,0.0,1.0,0.8
unchanged,stage2,0.0,0.0,0.0,D035,0.888888888888889,0,0.0,False,stage2_cosine_prototype,75,40,1.0,0.8,True,5,8,0,,0.888888888888889,0.0,1.0,0.8
unchanged,stage2,0.0,0.0,0.0,D035,0.888888888888889,0,0.0,False,stage2_finetune_bias_only,75,40,1.0,0.8,True,5,8,0,,0.888888888888889,0.0,1.0,0.8
unchanged,stage2,0.0,0.0,0.0,D035,0.888888888888889,0,0.0,False,stage2_finetune_head,75,40,1.0,0.8,True,5,8,0,,0.888888888888889,0.0,1.0,0.8
unchanged,stage2,0.0,0.0,0.0,D035,0.888888888888889,0,0.0,False,stage2_positive_bias,75,40,1.0,0.8,True,5,8,0,,0.888888888888889,0.0,1.0,0.8
unchanged,none,0.0,0.0,0.0,D035,0.888888888888889,0,0.0,False,zero_shot,75,40,1.0,0.8,True,5,8,0,,0.888888888888889,0.0,1.0,0.8
unchanged,stage1,0.0,0.0,0.0,D036,1.0,0,0.0,False,stage1_finetune_bias_only,200,260,1.0,1.0,True,3,0,0,,1.0,0.0,1.0,1.0
unchanged,stage1,0.0,0.0,0.0,D036,1.0,0,0.0,False,stage1_finetune_head,200,260,1.0,1.0,True,3,0,0,,1.0,0.0,1.0,1.0
unchanged,stage1+stage2,0.0,0.0,0.0,D036,1.0,0,0.0,False,stage1_stage2_combined,200,260,1.0,1.0,True,3,0,0,,1.0,0.0,1.0,1.0
unchanged,stage2,0.0,0.0,0.0,D036,1.0,0,0.0,False,stage2_cosine_prototype,200,260,1.0,1.0,True,3,0,0,,1.0,0.0,1.0,1.0
unchanged,stage2,0.0,0.0,0.0,D036,1.0,0,0.0,False,stage2_finetune_bias_only,200,260,1.0,1.0,True,3,0,0,,1.0,0.0,1.0,1.0
unchanged,stage2,0.0,0.0,0.0,D036,1.0,0,0.0,False,stage2_finetune_head,200,260,1.0,1.0,True,3,0,0,,1.0,0.0,1.0,1.0
unchanged,stage2,0.0,0.0,0.0,D036,1.0,0,0.0,False,stage2_positive_bias,200,260,1.0,1.0,True,3,0,0,,1.0,0.0,1.0,1.0
unchanged,none,0.0,0.0,0.0,D036,1.0,0,0.0,False,zero_shot,200,260,1.0,1.0,True,3,0,0,,1.0,0.0,1.0,1.0
unchanged,stage1,0.0,0.0,0.0,D036,1.0,0,0.0,False,stage1_finetune_bias_only,200,250,1.0,1.0,True,5,0,0,,1.0,0.0,1.0,1.0
unchanged,stage1,0.0,0.0,0.0,D036,1.0,0,0.0,False,stage1_finetune_head,200,250,1.0,1.0,True,5,0,0,,1.0,0.0,1.0,1.0
unchanged,stage1+stage2,0.0,0.0,0.0,D036,1.0,0,0.0,False,stage1_stage2_combined,200,250,1.0,1.0,True,5,0,0,,1.0,0.0,1.0,1.0
unchanged,stage2,0.0,0.0,0.0,D036,1.0,0,0.0,False,stage2_cosine_prototype,200,250,1.0,1.0,True,5,0,0,,1.0,0.0,1.0,1.0
unchanged,stage2,0.0,0.0,0.0,D036,1.0,0,0.0,False,stage2_finetune_bias_only,200,250,1.0,1.0,True,5,0,0,,1.0,0.0,1.0,1.0
unchanged,stage2,0.0,0.0,0.0,D036,1.0,0,0.0,False,stage2_finetune_head,200,250,1.0,1.0,True,5,0,0,,1.0,0.0,1.0,1.0
unchanged,stage2,0.0,0.0,0.0,D036,1.0,0,0.0,False,stage2_positive_bias,200,250,1.0,1.0,True,5,0,0,,1.0,0.0,1.0,1.0
unchanged,none,0.0,0.0,0.0,D036,1.0,0,0.0,False,zero_shot,200,250,1.0,1.0,True,5,0,0,,1.0,0.0,1.0,1.0
unchanged,stage1,0.0,0.0,0.0,D037,0.972809667673716,0,0.0,False,stage1_finetune_bias_only,285,170,1.0,0.9470588235294117,True,3,0,9,,0.972809667673716,0.0,1.0,0.9470588235294117
unchanged,stage1,0.0,0.0,0.0,D037,0.972809667673716,0,0.0,False,stage1_finetune_head,285,170,1.0,0.9470588235294117,True,3,0,9,,0.972809667673716,0.0,1.0,0.9470588235294117
unchanged,stage1+stage2,0.0,0.0,0.0,D037,0.972809667673716,0,0.0,False,stage1_stage2_combined,285,170,1.0,0.9470588235294117,True,3,0,9,,0.972809667673716,0.0,1.0,0.9470588235294117
improved,stage2,0.027190332326283984,0.0,0.05294117647058827,D037,1.0,0,0.0,False,stage2_cosine_prototype,285,170,1.0,1.0,True,3,0,9,,0.972809667673716,0.0,1.0,0.9470588235294117
unchanged,stage2,0.0,0.0,0.0,D037,0.972809667673716,0,0.0,False,stage2_finetune_bias_only,285,170,1.0,0.9470588235294117,True,3,0,9,,0.972809667673716,0.0,1.0,0.9470588235294117
unchanged,stage2,0.0,0.0,0.0,D037,0.972809667673716,0,0.0,False,stage2_finetune_head,285,170,1.0,0.9470588235294117,True,3,0,9,,0.972809667673716,0.0,1.0,0.9470588235294117
improved,stage2,0.027190332326283984,0.0,0.05294117647058827,D037,1.0,0,0.0,False,stage2_positive_bias,285,170,1.0,1.0,True,3,0,9,,0.972809667673716,0.0,1.0,0.9470588235294117
unchanged,none,0.0,0.0,0.0,D037,0.972809667673716,0,0.0,False,zero_shot,285,170,1.0,0.9470588235294117,True,3,0,9,,0.972809667673716,0.0,1.0,0.9470588235294117
unchanged,stage1,0.0,0.0,0.0,D037,0.9743589743589743,0,0.0,False,stage1_finetune_bias_only,285,160,1.0,0.95,True,5,0,8,,0.9743589743589743,0.0,1.0,0.95
unchanged,stage1,0.0,0.0,0.0,D037,0.9743589743589743,0,0.0,False,stage1_finetune_head,285,160,1.0,0.95,True,5,0,8,,0.9743589743589743,0.0,1.0,0.95
unchanged,stage1+stage2,0.0,0.0,0.0,D037,0.9743589743589743,0,0.0,False,stage1_stage2_combined,285,160,1.0,0.95,True,5,0,8,,0.9743589743589743,0.0,1.0,0.95
improved,stage2,0.02564102564102566,0.0,0.050000000000000044,D037,1.0,0,0.0,False,stage2_cosine_prototype,285,160,1.0,1.0,True,5,0,8,,0.9743589743589743,0.0,1.0,0.95
unchanged,stage2,0.0,0.0,0.0,D037,0.9743589743589743,0,0.0,False,stage2_finetune_bias_only,285,160,1.0,0.95,True,5,0,8,,0.9743589743589743,0.0,1.0,0.95
unchanged,stage2,0.0,0.0,0.0,D037,0.9743589743589743,0,0.0,False,stage2_finetune_head,285,160,1.0,0.95,True,5,0,8,,0.9743589743589743,0.0,1.0,0.95
improved,stage2,0.02564102564102566,0.0,0.050000000000000044,D037,1.0,0,0.0,False,stage2_positive_bias,285,160,1.0,1.0,True,5,0,8,,0.9743589743589743,0.0,1.0,0.95
unchanged,none,0.0,0.0,0.0,D037,0.9743589743589743,0,0.0,False,zero_shot,285,160,1.0,0.95,True,5,0,8,,0.9743589743589743,0.0,1.0,0.95
